subject,trial_name,trial_num,step_count_raw,duration_raw_sec,distance_2d_raw_m,speed_raw_ms,step_count_valid,mean_step_time,step_time_std,cadence_spm,duration_valid_sec,distance_2d_valid_m,walking_speed_ms,step_length_m,ratio_valid_steps,is_valid_trial,duration_walk_sec,distance_2d_m
Afi,Jalan1,1,3,0.7148159999997006,1.1804834350772042,1.651450772055604,3,0.3574079999998503,0.040570958670107786,167.87536932588284,0.7148159999997006,1.1804834350772042,1.651450772055604,0.3934944783590681,1.0,0,0.7148159999997006,1.1804834350772042
Afi,Jalan2,2,6,2.083814000005077,0.7326010509505032,0.3515673908269732,6,0.3042180000029475,0.033932385868054096,197.22698853920107,2.083814000005077,0.7326010509505032,0.3515673908269732,0.1221001751584172,1.0,1,2.083814000005077,0.7326010509505032
Afi,Jalan3,3,5,1.5973630000007688,3.0818162337170407,1.9293148981888009,5,0.3993407500001922,0.05202168869647701,150.24762686996286,1.5973630000007688,3.0818162337170407,1.9293148981888009,0.6163632467434081,1.0,1,1.5973630000007688,3.0818162337170407
Afi,Jalan4,4,2,0.39192999999795575,4.584173262397556,11.696408191313415,2,0.39192999999795575,0.0,153.088561733761,0.39192999999795575,4.584173262397556,11.696408191313415,2.292086631198778,1.0,0,0.39192999999795575,4.584173262397556
Afi,Jalan5,5,5,1.9710740000009537,2.4929025918966925,1.2647432779771264,4,0.3497149999990749,0.08199157963893623,171.5682770260318,1.0491449999972247,1.700044628758962,1.620409599019639,0.4250111571897405,0.8,0,1.0491449999972247,1.700044628758962
Afi,Jalan6,6,4,1.1523310000047786,3.92892997927201,3.4095498422377917,4,0.30108750000363216,0.0407470282667803,199.27761863005335,1.1523310000047786,3.92892997927201,3.4095498422377917,0.9822324948180025,1.0,0,1.1523310000047786,3.92892997927201
Afi,Jalan7,7,7,2.924983999997494,2.5485898285909276,0.871317528093525,6,0.30729319999954896,0.04776657361912666,195.25326300773355,1.5364659999977448,1.8491144918107816,1.203485460669807,0.30818574863513026,0.8571428571428571,1,1.5364659999977448,1.8491144918107816
Afi,Jalan8,8,5,1.221944999997504,1.6333870153248171,1.3367107482973075,5,0.305486249999376,0.035183489843192084,196.40818531152402,1.221944999997504,1.6333870153248171,1.3367107482973075,0.3266774030649634,1.0,1,1.221944999997504,1.6333870153248171
Afi,Jalan9,9,5,3.1344820000012987,0.7815607508073008,0.24934287413581477,4,0.3083003333328331,0.07105529164382003,194.6154237051231,0.9249009999984992,0.7414422794753989,0.8016450187388726,0.18536056986884972,0.8,0,0.9249009999984992,0.7414422794753989
Afi,Jalan10,10,6,1.7088139999978011,1.5870763939886001,0.9287590071187632,5,0.3859046666645251,0.0020216867549843467,155.47881428487423,1.432831999998598,1.3730077380385464,0.9582475391671109,0.2746015476077093,0.8333333333333334,1,1.432831999998598,1.3730077380385464
Afi,Jalan11,11,6,2.574859000000288,2.669618106774798,1.036801668275622,6,0.29495133333451423,0.03387733673686056,203.4233896205242,2.574859000000288,2.669618106774798,1.036801668275622,0.44493635112913305,1.0,1,2.574859000000288,2.669618106774798
Afi,Jalan12,12,7,2.9276190000018687,2.8605398866341685,0.9770874853019954,6,0.27859725000053004,0.00158502815143115,215.36465273754803,1.4376370000027237,0.9552839363656,0.6644820190102162,0.15921398939426668,0.8571428571428571,1,1.4376370000027237,0.9552839363656
Afi,Jalan13,13,4,1.8787809999994352,2.696252825748608,1.4351075648249683,4,0.3037299999996321,0.04304441818943755,197.54387120163523,1.8787809999994352,2.696252825748608,1.4351075648249683,0.674063206437152,1.0,1,1.8787809999994352,2.696252825748608
Afi,Jalan14,14,2,3.849878000000899,2.1408205299160787,0.556074901572356,2,3.849878000000899,0.0,15.584909443880036,3.849878000000899,2.1408205299160787,0.556074901572356,1.0704102649580394,1.0,0,3.849878000000899,2.1408205299160787
Afi,Jalan15,15,7,4.349803000004613,3.2438217967114116,0.7457399327528101,6,0.3838030000006256,0.13040131849368328,156.3302006495577,3.0215400000015507,3.0026263649235663,0.9937403989098358,0.500437727487261,0.8571428571428571,1,3.0215400000015507,3.0026263649235663
Afi,Jalan16,16,7,4.186100999999326,3.0170525866093847,0.7207309586199355,6,0.331147000000783,0.04166064191239049,181.18841481232843,2.69855799999641,3.0973450575741674,1.1477778345243228,0.5162241762623613,0.8571428571428571,1,2.69855799999641,3.0973450575741674
Afi,Jalan17,17,4,3.2443220000059227,3.363348408792411,1.036687606466396,3,0.2999775000025693,0.040034264631857594,200.01500112337126,0.5999550000051386,0.6624515753348813,1.1041687715398778,0.22081719177829376,0.75,0,0.5999550000051386,0.6624515753348813
Afi,Jalan18,18,7,4.570493999999599,3.0235916106634333,0.661545909624583,7,0.7617489999999331,0.5428484493824037,78.76610274513688,4.570493999999599,3.0235916106634333,0.661545909624583,0.43194165866620476,1.0,1,4.570493999999599,3.0235916106634333
Afi,Jalan19,19,5,3.581123000003572,2.8418027174002263,0.7935507150682598,5,0.895280750000893,0.719166942670051,67.01808343353764,3.581123000003572,2.8418027174002263,0.7935507150682598,0.5683605434800453,1.0,1,3.581123000003572,2.8418027174002263
Afi,Jalan20,20,4,1.0318180000031134,1.2784684751139481,1.2390445554449432,4,0.32746749999932945,0.0004391133105709126,183.22428943367774,1.0318180000031134,1.2784684751139481,1.2390445554449432,0.31961711877848703,1.0,0,1.0318180000031134,1.2784684751139481
Afi,Jalan21,21,6,4.846661999996286,0.8713505046244701,0.17978363348323811,6,0.9693323999992571,0.658497235192188,61.898271428919514,4.846661999996286,0.8713505046244701,0.17978363348323811,0.14522508410407833,1.0,1,4.846661999996286,0.8713505046244701
Afi,Jalan22,22,3,0.9882989999969141,2.6637423847586144,2.6952798543425946,3,0.49414949999845703,0.3108901029438655,121.42074412740952,0.9882989999969141,2.6637423847586144,2.6952798543425946,0.8879141282528714,1.0,0,0.9882989999969141,2.6637423847586144
Afi,Jalan23,23,4,1.487660999999207,0.9032378805757925,0.6071530278580093,4,0.4958869999997357,0.15135873311608883,120.99530739872588,1.487660999999207,0.9032378805757925,0.6071530278580093,0.22580947014394812,1.0,1,1.487660999999207,0.9032378805757925
Afi,Jalan24,24,3,1.1575809999994817,1.3386538922521214,1.1564235178814448,3,0.5787904999997409,0.1159874324249874,103.66445199087902,1.1575809999994817,1.3386538922521214,1.1564235178814448,0.44621796408404046,1.0,0,1.1575809999994817,1.3386538922521214
Afi,Jalan25,25,5,1.2690180000063265,1.8800631380834474,1.481510221347589,5,0.3172545000015816,0.05850748405524855,189.12261291707725,1.2690180000063265,1.8800631380834474,1.481510221347589,0.37601262761668947,1.0,1,1.2690180000063265,1.8800631380834474
Afi,Jalan26,26,4,0.8329440000015893,1.0359258135787346,1.2436920292081557,4,0.2789160000029369,0.0006434671726314867,215.11853030793577,0.8329440000015893,1.0359258135787346,1.2436920292081557,0.25898145339468365,1.0,0,0.8329440000015893,1.0359258135787346
Afi,Jalan27,27,6,3.857661999994889,2.278711360391059,0.5906975158513312,6,0.3114953333327624,0.0635388987802625,192.61925807377523,3.857661999994889,2.278711360391059,0.5906975158513312,0.3797852267318432,1.0,1,3.857661999994889,2.278711360391059
Afi,Jalan28,28,6,5.656866999997874,0.6482915022866369,0.11460257104981973,4,0.4027459999997518,0.21656355334128288,148.977271034441,1.2082379999992554,1.5463213664103066,1.2798152072780855,0.38658034160257665,0.6666666666666666,1,1.2082379999992554,1.5463213664103066
Afi,Jalan29,29,8,3.1264640000008512,0.17222411879532976,0.05508591136673343,8,0.29539449999962625,0.026779819241696777,203.11820294580946,3.1264640000008512,0.17222411879532976,0.05508591136673343,0.02152801484941622,1.0,0,3.1264640000008512,0.17222411879532976
Afi,Jalan30,30,10,5.558940000002622,3.4847346863876045,0.6268703541297371,10,0.2903394285718345,0.022928696676635184,206.65467413481207,5.558940000002622,3.4847346863876045,0.6268703541297371,0.34847346863876044,1.0,1,5.558940000002622,3.4847346863876045
Afi,Jalan31,31,6,3.8025009999983013,2.6982603588516563,0.709601485667686,4,0.27223300000089995,0.002276145646754577,220.39943724604163,0.8166990000026999,0.7730416147432718,0.9465440936510467,0.19326040368581796,0.6666666666666666,0,0.8166990000026999,0.7730416147432718
Afi,Jalan32,32,7,2.9621269999988726,2.3448054507922644,0.7915951783273157,5,0.2902394999982789,0.027697296048967594,206.7258247080628,1.1609579999931157,1.7909854413210662,1.5426789266551302,0.35819708826421326,0.7142857142857143,0,1.1609579999931157,1.7909854413210662
Afi,Jalan33,33,7,5.070749999998952,3.4601271217511225,0.6823698904011907,5,0.3277773333296257,0.003815904784371959,183.05109566457315,1.2537659999943571,1.0198320271604944,0.8134149651251384,0.20396640543209887,0.7142857142857143,1,1.2537659999943571,1.0198320271604944
Afi,Jalan34,34,4,1.212812000005215,1.3586114786232766,1.1202160587275147,3,0.33072050000191666,2.8991382698387554e-05,181.42207694912253,0.6614410000038333,2.4738971005821604,3.740162917883565,0.8246323668607202,0.75,0,0.6614410000038333,2.4738971005821604
Afi,Jalan35,35,2,0.33138400000461843,1.788897914789135,5.398262785059639,2,0.33138400000461843,0.0,181.058832047304,0.33138400000461843,1.788897914789135,5.398262785059639,0.8944489573945675,1.0,0,0.33138400000461843,1.788897914789135
Afi,Jalan36,36,4,1.1012279999995371,2.0152088907914645,1.8299651759602114,4,0.3670759999998457,0.11479572470844561,163.45388965779625,1.1012279999995371,2.0152088907914645,1.8299651759602114,0.5038022226978661,1.0,0,1.1012279999995371,2.0152088907914645
Afi,Jalan37,37,6,1.6491709999972954,0.08786448529249415,0.053277971352054,6,0.32983419999945907,0.05523456515386035,181.9095776001955,1.6491709999972954,0.08786448529249415,0.053277971352054,0.014644080882082357,1.0,0,1.6491709999972954,0.08786448529249415
Afi,Jalan38,38,3,0.7661479999951553,2.8963174321204583,3.780362843913674,3,0.38307399999757763,0.00332764450691717,156.62770117622028,0.7661479999951553,2.8963174321204583,3.780362843913674,0.9654391440401527,1.0,0,0.7661479999951553,2.8963174321204583
Afi,Jalan39,39,7,2.1453360000014072,1.832898890470937,0.8543644867143118,7,0.33022525000160385,0.0009611268971644313,181.69416178716978,2.1453360000014072,1.832898890470937,0.8543644867143118,0.2618426986387053,1.0,1,2.1453360000014072,1.832898890470937
Afi,Jalan40,40,6,3.2581720000016503,1.2303276320803362,0.3776128553310608,6,0.47769200000038836,0.030944300134655805,125.60394563851021,3.2581720000016503,1.2303276320803362,0.3776128553310608,0.2050546053467227,1.0,1,3.2581720000016503,1.2303276320803362
Afi,Jalan41,41,7,2.7942389999952866,3.000294956403347,1.0737431395125498,5,0.27414849999877333,0.0038694899276311514,218.8594867390063,1.0965939999950933,1.5128056018231741,1.3795494064621392,0.30256112036463484,0.7142857142857143,0,1.0965939999950933,1.5128056018231741
Afi,Jalan42,42,9,4.300495000003139,2.1820593436351143,0.5073972516265038,9,0.2759776000006241,0.003485242503043688,217.40894913161182,4.300495000003139,2.1820593436351143,0.5073972516265038,0.24245103818167937,1.0,1,4.300495000003139,2.1820593436351143
Afi,Jalan43,43,18,11.005297999996401,1.0416517033120254,0.09465002249937858,18,0.33861757142845555,0.08075940253617384,177.19104105227166,11.005297999996401,1.0416517033120254,0.09465002249937858,0.0578695390728903,1.0,0,11.005297999996401,1.0416517033120254
Afi,Jalan44,44,13,7.867614000002504,0.4104605744090572,0.052170909046748676,13,0.29683550000027026,0.028517552158535422,202.13215737317597,7.867614000002504,0.4104605744090572,0.052170909046748676,0.03157389033915824,1.0,0,7.867614000002504,0.4104605744090572
Afi,Jalan45,45,21,13.370720999999321,0.3248276193314485,0.024293949393713696,18,0.3034335384615518,0.06204308241043977,197.73687610212087,9.794120000005933,1.8498618373150548,0.18887473681289738,0.1027701020730586,0.8571428571428571,1,9.794120000005933,1.8498618373150548
Afi,Jalan46,46,9,6.382721000001766,0.5234624094046356,0.08201242219493705,9,0.3306465000005119,0.002551611843376478,181.46267993130763,6.382721000001766,0.5234624094046356,0.08201242219493705,0.0581624899338484,1.0,0,6.382721000001766,0.5234624094046356
Afi,Jalan47,47,10,5.939271999995981,0.28681063854742334,0.048290537720383477,8,0.27620033333369065,0.004302711641006787,217.23362631684867,4.6737970000031055,1.477232961908059,0.31606699262014964,0.18465412023850739,0.8,1,4.6737970000031055,1.477232961908059
Afi,Jalan48,48,15,9.909685999999056,2.429056912060703,0.24511946312536387,12,0.2765457142865801,0.002044866636584188,216.96232087626177,7.4824329999974,0.6324178128600847,0.08452034423299273,0.052701484405007056,0.8,0,7.4824329999974,0.6324178128600847
Afi,Jalan49,49,10,5.734035000001313,0.18934549999061032,0.03302133663128442,10,0.27702399999980115,0.0063925254773792555,216.58773247098833,5.734035000001313,0.18934549999061032,0.03302133663128442,0.01893454999906103,1.0,0,5.734035000001313,0.18934549999061032
Afi,Jalan50,50,8,5.678087000000232,1.7339436366780177,0.30537461590108544,8,0.42992280000034955,0.23589479438208336,139.55993959834467,5.678087000000232,1.7339436366780177,0.30537461590108544,0.2167429545847522,1.0,1,5.678087000000232,1.7339436366780177
Afi,Jalan51,51,14,7.876797999997507,0.27499351287928364,0.03491184017660103,11,0.27587199999938355,0.0036436538423797343,217.49217028235586,5.442619999994349,1.048174370053704,0.19258635915327404,0.09528857909579128,0.7857142857142857,1,5.442619999994349,1.048174370053704
Afi,Jalan52,52,6,3.5577069999999367,0.6828230563541862,0.19192785025697684,6,0.2980939999997645,0.03225553065695563,201.27879125392462,3.5577069999999367,0.6828230563541862,0.19192785025697684,0.1138038427256977,1.0,1,3.5577069999999367,0.6828230563541862
Afi,Jalan53,53,6,3.5218630000017583,0.13982819972982324,0.039702907162985454,6,0.44125850000091305,0.15631616986499405,135.97471776719507,3.5218630000017583,0.13982819972982324,0.039702907162985454,0.023304699954970542,1.0,0,3.5218630000017583,0.13982819972982324
Afi,Jalan54,54,10,4.384720000001835,0.9046309893178358,0.2063144258510138,10,0.30434071428524995,0.03605134278359214,197.1474639563463,4.384720000001835,0.9046309893178358,0.2063144258510138,0.09046309893178359,1.0,1,4.384720000001835,0.9046309893178358
Afi,Jalan55,55,13,7.638520000000426,0.5063227050830028,0.06628544601349143,10,0.27466514285749455,0.0014558937054740114,218.44781385721743,3.567353999998886,2.6847817133818936,0.7525975031866005,0.26847817133818935,0.7692307692307693,1,3.567353999998886,2.6847817133818936
Afi,Jalan56,56,12,6.000607999994827,0.4040561617934208,0.06733587026410809,11,0.2741074999994453,0.007424856478014692,218.89222294217205,4.626280999997107,1.9907550533963088,0.4303143396169739,0.18097773212693716,0.9166666666666666,1,4.626280999997107,1.9907550533963088
Afi,Jalan57,57,18,9.950505000000703,0.5845709311996018,0.05874786568114487,15,0.3027848333343475,0.04750297163727652,198.16051992850487,5.328847000004316,2.756109245447022,0.5172055503647955,0.18374061636313482,0.8333333333333334,1,5.328847000004316,2.756109245447022
Afi,Jalan58,58,9,4.998879000006127,1.1034533926338956,0.22074016847228012,8,0.2757232000003569,0.004553629892733364,217.60954464449253,2.7429450000054203,2.1471606983895146,0.7827939307515359,0.2683950872986893,0.8888888888888888,1,2.7429450000054203,2.1471606983895146
Afi,Jalan59,59,9,5.656943000001775,0.8477817129913187,0.14986569830932586,7,0.3048922000001767,0.047278489398880824,196.79086575506105,2.621370000000752,2.1619399541348976,0.8247366659930789,0.30884856487641393,0.7777777777777778,1,2.621370000000752,2.1619399541348976
Afi,Jalan60,60,17,8.409367999993265,0.5860421045243299,0.06968919715783627,17,0.29606938461466387,0.028311662559544436,202.65519880784151,8.409367999993265,0.5860421045243299,0.06968919715783627,0.03447306497201941,1.0,0,8.409367999993265,0.5860421045243299
Afi,Jalan61,61,10,5.106403999998292,0.9550692591027288,0.1870336266192507,7,0.2737119999990682,0.0028205291189735437,219.20851113653862,1.7013559999977588,0.9988633861859387,0.5870984004448537,0.1426947694551341,0.7,1,1.7013559999977588,0.9988633861859387
Afi,Jalan62,62,10,6.441838000006101,0.6315444065825193,0.09803792125507056,9,0.4457368571435966,0.19784524698703965,134.6085678992228,4.62351600000693,1.2422731301611079,0.26868580754543636,0.13803034779567866,0.9,1,4.62351600000693,1.2422731301611079
Afi,Jalan63,63,10,3.451944000000367,2.2122197632524205,0.6408620079735319,10,0.27404999999998836,0.0036411689880524564,218.93814997264204,3.451944000000367,2.2122197632524205,0.6408620079735319,0.22122197632524204,1.0,1,3.451944000000367,2.2122197632524205
Afi,Jalan64,64,4,0.8785840000055032,0.5386178183723741,0.613052159348452,3,0.2768945000025269,0.002670742311184659,216.68902776852718,0.5537890000050538,0.3312849843307188,0.5982151764077934,0.1104283281102396,0.75,0,0.5537890000050538,0.3312849843307188
Afi,Jalan65,65,6,3.1446219999997993,0.9895873371119773,0.3146919843186369,4,0.30984266666443244,0.029174405091500495,193.64666798772922,0.9295279999932973,0.6548386601681406,0.7044851367283854,0.16370966504203516,0.6666666666666666,0,0.9295279999932973,0.6548386601681406
Afi,Jalan66,66,12,5.654684000000998,0.2969244046843696,0.05250946024292731,12,0.27263562500047556,0.003670527871348183,220.07395401791436,5.654684000000998,0.2969244046843696,0.05250946024292731,0.024743700390364134,1.0,0,5.654684000000998,0.2969244046843696
Afi,Jalan67,67,17,14.568875999997545,2.0787650870980925,0.14268534422960583,17,0.34461054545350966,0.08573645539781148,174.10958774067583,14.568875999997545,2.0787650870980925,0.14268534422960583,0.12228029924106426,1.0,1,14.568875999997545,2.0787650870980925
Afi,Jalan68,68,15,15.405336000003444,1.1732512548386278,0.07615875790299968,13,0.5088602727277745,0.26086938375847774,117.91056055204818,8.40880200000538,2.7715309824048275,0.3295987921231888,0.2131946909542175,0.8666666666666667,1,8.40880200000538,2.7715309824048275
Afi,Jalan69,69,25,15.126263999998628,2.0782527217489917,0.13739365660609787,25,0.321130749999611,0.07050398554200923,186.8397841068558,15.126263999998628,2.0782527217489917,0.13739365660609787,0.08313010886995967,1.0,1,15.126263999998628,2.0782527217489917
Afi,Jalan70,70,24,16.06966999999713,1.214203869744037,0.07555873081054269,22,0.2984141875003843,0.037668089406871164,201.06282647812358,14.464012000004004,1.479862614701311,0.1023134255351075,0.06726648248642322,0.9166666666666666,1,14.464012000004004,1.479862614701311
Afi,Jalan71,71,19,16.68901499999629,4.2377090440912575,0.2539220585572126,18,0.31320058333343087,0.06300468393133994,191.57052442691167,14.580974999997125,3.455083789635182,0.2369583508397664,0.19194909942417676,0.9473684210526315,1,14.580974999997125,3.455083789635182
Afi,Jalan72,72,26,15.894302000000607,2.5996615005204475,0.16355933720904184,26,0.29396747368369497,0.03921607403630558,204.10421346328673,15.894302000000607,2.5996615005204475,0.16355933720904184,0.09998698078924798,1.0,1,15.894302000000607,2.5996615005204475
Kinan,Jalan1,1,4,1.0482179999962682,0.882740035039325,0.8421340170102666,4,0.34940599999875604,0.0870666182247803,171.7200048087715,1.0482179999962682,0.882740035039325,0.8421340170102666,0.22068500875983124,1.0,0,1.0482179999962682,0.882740035039325
Kinan,Jalan2,2,6,3.566017000004649,1.1160989898968743,0.3129819599557207,4,0.2740646666667696,0.0007425828806711493,218.9264334207406,0.8221940000003087,0.7548587946966778,0.9181030203290153,0.18871469867416946,0.6666666666666666,0,0.8221940000003087,0.7548587946966778
Kinan,Jalan3,3,9,4.413943999999901,2.372239667423005,0.5374421758461498,7,0.2770371999999043,0.008160568957182509,216.57741270854865,1.7672069999971427,1.286816208077241,0.7281638246562635,0.18383088686817728,0.7777777777777778,1,1.7672069999971427,1.286816208077241
Kinan,Jalan4,4,9,3.6465210000023944,2.068646235726156,0.567293109164817,9,0.2841966666674125,0.02394040583306171,211.12140653717216,3.6465210000023944,2.068646235726156,0.567293109164817,0.22984958174735068,1.0,1,3.6465210000023944,2.068646235726156
Kinan,Jalan5,5,6,3.5637469999928726,0.6360432850188139,0.17847599311064619,5,0.30416074999993725,0.0312874404847214,197.26411116494282,1.216642999999749,1.2817576866079614,1.0535199615731368,0.25635153732159227,0.8333333333333334,1,1.216642999999749,1.2817576866079614
Kinan,Jalan6,6,10,4.136378000002878,2.012760956259726,0.4865998601332677,7,0.27438560000009604,0.0017243596760276663,218.6703675410772,1.697760000002745,1.3384479952421102,0.7883611318678412,0.1912068564631586,0.7,1,1.697760000002745,1.3384479952421102
Kinan,Jalan7,7,7,3.485704999999143,1.5109408875697574,0.4334678028032002,7,0.34228080000029876,0.09193741888191635,175.29467034068995,3.485704999999143,1.5109408875697574,0.4334678028032002,0.21584869822425107,1.0,1,3.485704999999143,1.5109408875697574
Kinan,Jalan8,8,6,4.0620879999987665,2.3405964539733786,0.5762052555173816,6,0.4155429999991611,0.20791943131675827,144.38938930536943,4.0620879999987665,2.3405964539733786,0.5762052555173816,0.3900994089955631,1.0,1,4.0620879999987665,2.3405964539733786
Kinan,Jalan9,9,6,1.5362590000004275,1.2963667091564772,0.8438464537269539,6,0.2874420000007376,0.025956992222875886,208.7377627481232,1.5362590000004275,1.2963667091564772,0.8438464537269539,0.2160611181927462,1.0,1,1.5362590000004275,1.2963667091564772
Kinan,Jalan10,10,5,2.8141040000045905,2.153834377098269,0.7653712787781672,4,0.3124890000011267,0.061948888632411166,192.00675863721173,0.9374670000033802,0.8298851730789671,0.8852420117998552,0.20747129326974179,0.8,0,0.9374670000033802,0.8298851730789671
Kinan,Jalan11,11,3,2.5709590000042226,2.6517428984892706,1.0314216984731828,3,1.2854795000021113,1.35246122006356,46.67519007491092,2.5709590000042226,2.6517428984892706,1.0314216984731828,0.8839142994964235,1.0,0,2.5709590000042226,2.6517428984892706
Kinan,Jalan12,12,7,4.46243400000094,1.6192480046022557,0.362862062408523,7,0.40754939999897033,0.09170398796886584,147.2214165942867,4.46243400000094,1.6192480046022557,0.362862062408523,0.23132114351460795,1.0,1,4.46243400000094,1.6192480046022557
Kinan,Jalan13,13,6,4.513180999994802,3.6398512553367697,0.8064935253740017,5,0.6323127499999828,0.4401988110844652,94.88975194632978,2.529250999999931,2.7155605802355463,1.0736619577240931,0.5431121160471093,0.8333333333333334,1,2.529250999999931,2.7155605802355463
Kinan,Jalan14,14,8,4.400330000004033,3.692542265560972,0.839151214921969,7,0.3966159999996307,0.12799622503023275,151.27982733943125,3.078707000000577,3.484872274828987,1.1319272262116316,0.497838896404141,0.875,1,3.078707000000577,3.484872274828987
Kinan,Jalan15,15,6,3.850691999999981,3.249873543324742,0.8439713026450202,5,0.2977486666641198,0.036353828635311725,201.51223739209541,2.042111999995541,1.8187359085393993,0.8906151614325614,0.36374718170787984,0.8333333333333334,1,2.042111999995541,1.8187359085393993
Kinan,Jalan16,16,5,1.2012389999945299,0.6378154678284027,0.5309646688388465,5,0.30030974999863247,0.028632745153415313,199.79371299224624,1.2012389999945299,0.6378154678284027,0.5309646688388465,0.12756309356568055,1.0,1,1.2012389999945299,0.6378154678284027
Kinan,Jalan17,17,7,2.374266999999236,3.1001258783712613,1.3057191454761654,7,0.29837980000011155,0.031745714539915475,201.0859984488815,2.374266999999236,3.1001258783712613,1.3057191454761654,0.44287512548160873,1.0,1,2.374266999999236,3.1001258783712613
Kinan,Jalan18,18,7,5.606188999998267,3.4634479430218392,0.6177900786118538,7,0.9343648333330444,0.527252979488466,64.21474552501019,5.606188999998267,3.4634479430218392,0.6177900786118538,0.49477827757454845,1.0,1,5.606188999998267,3.4634479430218392
Kinan,Jalan19,19,7,3.028308000000834,2.608614923885042,0.861410042797603,7,0.29835840000014285,0.029551226180112803,201.1004215063872,3.028308000000834,2.608614923885042,0.861410042797603,0.3726592748407203,1.0,1,3.028308000000834,2.608614923885042
Kinan,Jalan20,20,9,4.891069000004791,3.2327327236151313,0.6609460475024918,7,0.3187246666675492,0.06468353128446865,188.2502557060761,1.912348000005295,1.4402911214982994,0.7531532553145721,0.20575587449975705,0.7777777777777778,1,1.912348000005295,1.4402911214982994
Kinan,Jalan21,21,6,2.586310999999114,2.318650923032515,0.8965089360998386,6,0.27552449999893724,0.007623662700689841,217.766478118031,2.586310999999114,2.318650923032515,0.8965089360998386,0.3864418205054192,1.0,1,2.586310999999114,2.318650923032515
Kinan,Jalan22,22,4,4.797475999999733,3.5407468087188514,0.7380436731145812,3,0.47464599999875645,0.030493272829179754,126.40999818845455,0.9492919999975129,4.166740510304083,4.389313836327495,1.3889135034346944,0.75,0,0.9492919999975129,4.166740510304083
Kinan,Jalan23,23,5,2.367206000002625,2.3235133140035886,0.9815425079190455,4,0.27793799999926705,0.001919723681595379,215.87548302196254,0.8338139999978011,0.6683276675845395,0.8015308780930783,0.16708191689613489,0.8,0,0.8338139999978011,0.6683276675845395
Kinan,Jalan24,24,7,4.300892999999633,2.81089014660546,0.6535596553101182,7,0.7168154999999388,0.4926909125970816,83.70354714707638,4.300892999999633,2.81089014660546,0.6535596553101182,0.4015557352293514,1.0,1,4.300892999999633,2.81089014660546
Kinan,Jalan25,25,7,3.4531840000126977,1.5904308254611539,0.4605693833445613,5,0.2765522500012594,0.005336485012180101,216.95719344075764,1.1062090000050375,0.9973728874435877,0.901613426973606,0.19947457748871752,0.7142857142857143,0,1.1062090000050375,0.9973728874435877
Kinan,Jalan26,26,5,1.1499369999946794,1.3292237220848429,1.1559100386290666,4,0.2730299999966519,0.004256470481869083,219.7560707641496,0.8190899999899557,0.8990326888440366,1.0975993954938545,0.22475817221100916,0.8,0,0.8190899999899557,0.8990326888440366
Kinan,Jalan27,27,6,3.401120999988052,3.2711628761165263,0.961789620577456,6,0.3441899999961606,0.050966247503961074,174.3223219752732,3.401120999988052,3.2711628761165263,0.961789620577456,0.5451938126860877,1.0,1,3.401120999988052,3.2711628761165263
Kinan,Jalan28,28,7,3.624828999993042,3.228353019569784,0.8906221561281872,6,0.3308640000002924,0.06895067467223995,181.34339184664083,1.6543200000014622,1.472599606514538,0.8901540249245832,0.245433267752423,0.8571428571428571,1,1.6543200000014622,1.472599606514538
Kinan,Jalan29,29,7,3.256789999999455,1.0645067589926172,0.3268576601478128,5,0.2741604999973788,0.005820573198229214,218.8499072644442,1.0966419999895152,1.1820235780093253,1.0778572934655306,0.23640471560186507,0.7142857142857143,0,1.0966419999895152,1.1820235780093253
Kinan,Jalan30,30,7,4.999991000004229,2.9847038391515706,0.5969418423251254,4,0.3293190000016087,0.0008218327029327815,182.1941643200268,0.9879570000048261,1.3588639768680013,1.3754282593891873,0.3397159942170003,0.5714285714285714,0,0.9879570000048261,1.3588639768680013
Kinan,Jalan31,31,7,3.511060999997426,2.898886892337788,0.825644126473426,6,0.2736880000011297,0.003917814278434669,219.22773376893522,1.424979000003077,1.221948561082204,0.8575203993038251,0.20365809351370068,0.8571428571428571,1,1.424979000003077,1.221948561082204
Kinan,Jalan32,32,7,3.5249410000105854,3.1781364464798423,0.901614082752108,6,0.3409410000022035,0.07310357421039039,175.98352794064726,1.7047050000110175,1.6734402830396224,0.9816597493576935,0.2789067138399371,0.8571428571428571,1,1.7047050000110175,1.6734402830396224
Kinan,Jalan33,33,9,4.660401999994065,2.532553935010939,0.5434196309704966,9,0.3141768333346893,0.04747644572622864,190.97525225891695,4.660401999994065,2.532553935010939,0.5434196309704966,0.2813948816678821,1.0,1,4.660401999994065,2.532553935010939
Kinan,Jalan34,34,7,2.5896190000057686,2.091522611518147,0.8076564975440357,7,0.3412417999992613,0.04994250168399866,175.82840085865766,2.5896190000057686,2.091522611518147,0.8076564975440357,0.29878894450259247,1.0,1,2.5896190000057686,2.091522611518147
Kinan,Jalan35,35,6,1.7610419999982696,1.787098555799161,1.0147961012860096,5,0.27520000000004075,0.003929103630664459,218.0232558139212,1.100800000000163,1.1863784004030458,1.077742006179933,0.23727568008060915,0.8333333333333334,0,1.100800000000163,1.1863784004030458
Kinan,Jalan36,36,5,1.3182680000027176,1.0990480369373674,0.8337060726158123,5,0.3295670000006794,0.047899172693061084,182.05706275165994,1.3182680000027176,1.0990480369373674,0.8337060726158123,0.2198096073874735,1.0,1,1.3182680000027176,1.0990480369373674
Kinan,Jalan37,37,9,4.563305999996373,2.483483520506647,0.5442290130244652,9,0.3095465714286547,0.046917743432028036,193.83189974639726,4.563305999996373,2.483483520506647,0.5442290130244652,0.27594261338962744,1.0,1,4.563305999996373,2.483483520506647
Kinan,Jalan38,38,4,3.5803610000002664,2.1087424772289243,0.5889748204800487,3,0.27188249999744585,0.0013003693632191184,220.6835673519394,0.5437649999948917,0.7807096522259867,1.4357482593276891,0.26023655074199553,0.75,0,0.5437649999948917,0.7807096522259867
Kinan,Jalan39,39,10,6.007228999995277,4.1358557582879865,0.6884797896486446,6,0.2764675999991596,0.002858754326811744,217.02362229853475,1.3823379999957979,1.403282041292204,1.0151511723590538,0.23388034021536733,0.6,1,1.3823379999957979,1.403282041292204
Kinan,Jalan40,40,7,3.7927610000042478,3.395014357591836,0.8951300536965112,5,0.31904600000052596,0.032183711490061065,188.06065582988373,1.2761840000021039,1.3431320265442483,1.0524595407418007,0.2686264053088497,0.7142857142857143,1,1.2761840000021039,1.3431320265442483
Kinan,Jalan41,41,7,1.6448250000103144,2.0010261934069042,1.2165587180364819,7,0.27413750000171905,0.006465379831879973,218.86826865942732,1.6448250000103144,2.0010261934069042,1.2165587180364819,0.2858608847724149,1.0,1,1.6448250000103144,2.0010261934069042
Kinan,Jalan42,42,3,3.562814000004437,4.091719733230478,1.1484516826377642,2,0.45578699999896344,0.0,131.64043730983212,0.45578699999896344,4.518180038248559,9.912919934659906,2.2590900191242795,0.6666666666666666,0,0.45578699999896344,4.518180038248559
Kinan,Jalan43,43,17,9.969121000001905,1.1891599112715803,0.11928432920729451,15,0.3067931666688916,0.04851533870899134,195.57150066759917,8.137975000005099,2.2612845318482027,0.2778682082270818,0.1507523021232135,0.8823529411764706,1,8.137975000005099,2.2612845318482027
Kinan,Jalan44,44,14,6.988787999987835,0.5133805967740789,0.07345774357084126,10,0.27489500000046974,0.00303045762792303,218.26515578638197,5.011528000002727,2.815729027367832,0.5618504031836797,0.2815729027367832,0.7142857142857143,1,5.011528000002727,2.815729027367832
Kinan,Jalan45,45,14,11.001336000001174,1.803987416722935,0.16397894007807257,11,0.3139326249984151,0.036606739126356896,191.1238119972491,7.428807999996934,2.6175380833214037,0.3523496748499199,0.23795800757467306,0.7857142857142857,1,7.428807999996934,2.6175380833214037
Kinan,Jalan46,46,14,6.705413999996381,2.664521409842127,0.39736866505834917,12,0.2755813749972731,0.004761241765896216,217.72153506598082,5.9443259999970905,2.4865207692054043,0.4183015482674775,0.20721006410045037,0.8571428571428571,1,5.9443259999970905,2.4865207692054043
Kinan,Jalan47,47,10,6.104208999997354,0.4346166599634219,0.07119950512238528,9,0.3221525714283676,0.06753430919631595,186.24715529654347,4.7257079999981215,1.8402090581749357,0.38940388576180907,0.20446767313054842,0.9,1,4.7257079999981215,1.8402090581749357
Kinan,Jalan48,48,13,8.142617999998038,0.294695775951706,0.036191772222616485,11,0.31140599999990726,0.055201112683544586,192.674514941966,5.893494000003557,2.540601455731449,0.4310857796291836,0.230963768702859,0.8461538461538461,1,5.893494000003557,2.540601455731449
Kinan,Jalan49,49,10,8.262593999999808,1.6441758761345378,0.19899027788786136,8,0.3276486666679072,0.04447993825072273,183.1229792880977,5.336892000006628,2.0368080016085957,0.3816468464428484,0.25460100020107446,0.8,1,5.336892000006628,2.0368080016085957
Kinan,Jalan50,50,5,3.6717740000021877,1.7383715839957912,0.47344187959137884,5,0.32568266666688334,0.05019387086462894,184.22841047715184,3.6717740000021877,1.7383715839957912,0.47344187959137884,0.3476743167991582,1.0,1,3.6717740000021877,1.7383715839957912
Kinan,Jalan51,51,9,4.787046999990707,1.4880380196007192,0.3108467536674714,9,0.2747356666635217,0.008355661617837556,218.39173897098723,4.787046999990707,1.4880380196007192,0.3108467536674714,0.16533755773341324,1.0,1,4.787046999990707,1.4880380196007192
Kinan,Jalan52,52,9,3.9127799999987474,1.1635158158720478,0.29736295316179806,9,0.275386399999843,0.0036892248956811673,217.87568304039056,3.9127799999987474,1.1635158158720478,0.29736295316179806,0.1292795350968942,1.0,1,3.9127799999987474,1.1635158158720478
Kinan,Jalan53,53,8,4.114064000008511,1.2180996053715836,0.296081831825918,8,0.28849320000153966,0.025320742803582444,207.9771724244446,4.114064000008511,1.2180996053715836,0.296081831825918,0.15226245067144795,1.0,1,4.114064000008511,1.2180996053715836
Kinan,Jalan54,54,13,7.751344000003883,0.46356276458551254,0.05980417906691799,11,0.27557237499968323,0.004742733656134429,217.72864569632196,5.500476000001072,1.1470399039464592,0.20853466208128818,0.10427635490422356,0.8461538461538461,1,5.500476000001072,1.1470399039464592
Kinan,Jalan55,55,15,5.499700000000303,1.552826949771107,0.2823475734623746,15,0.30920046153858916,0.03484442365679814,194.0488694662308,5.499700000000303,1.552826949771107,0.2823475734623746,0.10352179665140712,1.0,1,5.499700000000303,1.552826949771107
Kinan,Jalan56,56,8,3.576508999991347,2.3963202514380297,0.670016558449546,5,0.2761377499991795,0.0034193798045896178,217.28285973279017,1.104550999996718,1.0891320927514696,0.9860405655824908,0.21782641855029392,0.625,0,1.104550999996718,1.0891320927514696
Kinan,Jalan57,57,16,7.103232000008575,1.2608641743715157,0.1775057008373081,15,0.31181930000166175,0.03224893424425747,192.41913505572057,5.767528000011225,2.161771570719649,0.3748176984516489,0.14411810471464329,0.9375,1,5.767528000011225,2.161771570719649
Kinan,Jalan58,58,12,4.630038000002969,1.4930414417408102,0.3224685071137327,10,0.2846868571442818,0.019998954397311905,210.75788535468453,3.857331000006525,1.685405378481519,0.43693563722653517,0.1685405378481519,0.8333333333333334,1,3.857331000006525,1.685405378481519
Kinan,Jalan59,59,7,3.028453000006266,1.9664809988122778,0.6493351552123177,7,0.2893645000003744,0.031417020659294456,207.35093627560522,3.028453000006266,1.9664809988122778,0.6493351552123177,0.28092585697318256,1.0,1,3.028453000006266,1.9664809988122778
Kinan,Jalan60,60,12,4.562747000003583,1.802741062486243,0.39509993924379927,12,0.28998049999972864,0.02376891730462386,206.91046466936965,4.562747000003583,1.802741062486243,0.39509993924379927,0.15022842187385357,1.0,1,4.562747000003583,1.802741062486243
Kinan,Jalan61,61,5,3.901685999997426,1.4371164031608707,0.3683321526032128,5,0.9754214999993565,0.6071967480081489,61.51186948415591,3.901685999997426,1.4371164031608707,0.3683321526032128,0.28742328063217415,1.0,1,3.901685999997426,1.4371164031608707
Kinan,Jalan62,62,8,2.9165670000074897,1.388104961302176,0.475937964496825,7,0.2764871999999741,0.0035298758778867993,217.00823763272086,2.584532000008039,1.363602677351322,0.527601390637485,0.19480038247876028,0.875,1,2.584532000008039,1.363602677351322
Kinan,Jalan63,63,13,4.397400999994716,1.9679266566733644,0.44752040049923336,13,0.2853615999993053,0.03501541187217348,210.25954438209646,4.397400999994716,1.9679266566733644,0.44752040049923336,0.15137897359025881,1.0,1,4.397400999994716,1.9679266566733644
Kinan,Jalan64,64,9,3.5969869999971706,0.7111990047836177,0.1977207603986829,9,0.316055428571417,0.04511978052516604,189.84011846024086,3.5969869999971706,0.7111990047836177,0.1977207603986829,0.0790221116426242,1.0,1,3.5969869999971706,0.7111990047836177
Kinan,Jalan65,65,8,2.3210889999900246,0.6342615778273167,0.27326034367059715,7,0.27416399999856367,0.0043475547913436625,218.84711340772068,1.9832150000002002,0.6244318784642762,0.3148583882555412,0.08920455406632517,0.875,1,1.9832150000002002,0.6244318784642762
Kinan,Jalan66,66,7,3.4738369999977294,0.6985525737124869,0.20108962329347735,6,0.2757110000020475,0.0030697725253121073,217.61917369838136,2.862369000009494,0.7551956203601216,0.26383587174037193,0.12586593672668692,0.8571428571428571,1,2.862369000009494,0.7551956203601216
Kinan,Jalan67,67,21,16.616387999994913,2.9086073294043877,0.17504450000838198,19,0.31693653846181963,0.05452058651002398,189.3123471695518,12.645283000005293,1.7996648966809108,0.1423190684368359,0.09471920508846898,0.9047619047619048,1,12.645283000005293,1.7996648966809108
Kinan,Jalan68,68,17,10.774168000003556,0.8098799199740191,0.07516867381070648,17,0.3859109166660346,0.10240301842949878,155.47629623528817,10.774168000003556,0.8098799199740191,0.07516867381070648,0.04763999529258936,1.0,0,10.774168000003556,0.8098799199740191
Kinan,Jalan69,69,27,17.81545599999663,0.4733377163651036,0.026568936341859178,26,0.31531059999833816,0.05619947536409154,190.28855991621032,15.23079199998756,1.9473197735480077,0.1278541374309096,0.07489691436723106,0.9629629629629629,1,15.23079199998756,1.9473197735480077
Kinan,Jalan70,70,21,14.149332000000868,2.695924512008677,0.19053369530155287,19,0.29379138461529064,0.04755795708874405,204.2265469376097,11.833757000000332,1.8383795590775955,0.15535045709300468,0.09675681889882082,0.9047619047619048,1,11.833757000000332,1.8383795590775955
Kinan,Jalan71,71,17,11.042153999995207,0.497087877304918,0.0450172925776197,17,0.4516543846145326,0.21962267190549664,132.844940830603,11.042153999995207,0.497087877304918,0.0450172925776197,0.029240463370877528,1.0,0,11.042153999995207,0.497087877304918
Kinan,Jalan72,72,15,14.240578000011737,2.7385643726473434,0.1923071080854363,14,0.3360811249986,0.059930820251199515,178.52832407725944,10.82526900000812,3.125379861258979,0.28871151943260115,0.22324141866135563,0.9333333333333333,1,10.82526900000812,3.125379861258979
Miftah,Jalan1,1,8,3.4164529999980005,2.779570727106882,0.8135837744902414,6,0.2964009999996051,0.03208669208750927,202.4284668407999,1.4820049999980256,1.3675572768390385,0.9227750762250198,0.2279262128065064,0.75,1,1.4820049999980256,1.3675572768390385
Miftah,Jalan2,2,3,0.8236219999962486,2.0125472433163147,2.4435326440108223,3,0.4118109999981243,0.03831528804108451,145.69790510761803,0.8236219999962486,2.0125472433163147,2.4435326440108223,0.6708490811054383,1.0,0,0.8236219999962486,2.0125472433163147
Miftah,Jalan3,3,3,0.6603509999986272,5.882904181144216,8.908753346563337,3,0.3301754999993136,0.00048153972151520323,181.72153900009155,0.6603509999986272,5.882904181144216,8.908753346563337,1.9609680603814053,1.0,0,0.6603509999986272,5.882904181144216
Miftah,Jalan4,4,9,3.4746830000076443,2.459090098303021,0.7077163868754678,6,0.27433620000083464,0.0030502364952160943,218.70974373712787,1.3716810000041733,1.2293282985261942,0.8962202571315444,0.2048880497543657,0.6666666666666666,1,1.3716810000041733,1.2293282985261942
Miftah,Jalan5,5,6,2.910071999998763,2.213928936937523,0.7607814985122237,5,0.2764296666670513,0.004467098087958679,217.05340357794393,1.2202370000013616,1.368241360721057,1.1212914874073892,0.2736482721442114,0.8333333333333334,1,1.2202370000013616,1.368241360721057
Miftah,Jalan6,6,3,0.6038050000061048,4.136858017102364,6.851314608293303,3,0.3019025000030524,0.039854659505227125,198.73965932509125,0.6038050000061048,4.136858017102364,6.851314608293303,1.3789526723674548,1.0,0,0.6038050000061048,4.136858017102364
Miftah,Jalan7,7,8,1.9770290000014938,1.7111305186952492,0.8655060288412342,8,0.27450550000018364,0.00428756782818795,218.574855512767,1.9770290000014938,1.7111305186952492,0.8655060288412342,0.21389131483690615,1.0,1,1.9770290000014938,1.7111305186952492
Miftah,Jalan8,8,9,3.177150999996229,2.3403962855587914,0.7366336335797604,9,0.30623085714095005,0.04412841588329163,195.93061443962705,3.177150999996229,2.3403962855587914,0.7366336335797604,0.2600440317287546,1.0,1,3.177150999996229,2.3403962855587914
Miftah,Jalan9,9,4,4.411552999998094,1.0992875879206554,0.2491838107625887,3,0.35690250000334345,0.03657509825512903,168.11314014174158,0.7138050000066869,0.7454441893831425,1.044324695646793,0.2484813964610475,0.75,0,0.7138050000066869,0.7454441893831425
Miftah,Jalan10,10,3,0.7156610000092769,2.1588000449725966,3.0165120705817596,3,0.35783050000463845,0.03810951997527255,167.6771544047314,0.7156610000092769,2.1588000449725966,3.0165120705817596,0.7196000149908656,1.0,0,0.7156610000092769,2.1588000449725966
Miftah,Jalan11,11,6,2.1343419999902835,3.0124877327625166,1.41143628002271,6,0.2748867499976768,0.0024636580388960475,218.271706440951,2.1343419999902835,3.0124877327625166,1.41143628002271,0.5020812887937528,1.0,1,2.1343419999902835,3.0124877327625166
Miftah,Jalan12,12,6,1.7046279999922263,4.888746109250214,2.867925500034323,6,0.34092559999844524,0.04599455394413516,175.99147732019426,1.7046279999922263,4.888746109250214,2.867925500034323,0.814791018208369,1.0,1,1.7046279999922263,4.888746109250214
Miftah,Jalan13,13,5,4.994301000013365,3.606077007821526,0.7220383809089351,5,1.2485752500033414,0.6839284145444823,48.05477282994311,4.994301000013365,3.606077007821526,0.7220383809089351,0.7212154015643052,1.0,1,4.994301000013365,3.606077007821526
Miftah,Jalan14,14,4,2.4718770000035875,3.427477111199709,1.3865888598804612,4,0.8239590000011958,0.5024481507132756,72.8191572637873,2.4718770000035875,3.427477111199709,1.3865888598804612,0.8568692777999273,1.0,1,2.4718770000035875,3.427477111199709
Miftah,Jalan15,15,8,4.7900099999969825,3.0642995542303204,0.6397271726431157,8,0.6842871428567118,0.4286970015476323,87.68248918066237,4.7900099999969825,3.0642995542303204,0.6397271726431157,0.38303744427879005,1.0,1,4.7900099999969825,3.0642995542303204
Miftah,Jalan16,16,8,4.8249179999984335,3.3321465837552293,0.6906120650664552,7,0.3833637999981875,0.12819054825718595,156.50930004419737,3.679082999995444,2.740640605716253,0.7449249189865103,0.3915200865308933,0.875,1,3.679082999995444,2.740640605716253
Miftah,Jalan17,17,6,2.644922999999835,3.1192551594769955,1.1793368500622474,5,0.2712506666672804,0.0034345439772159973,221.19761303147976,1.2101410000032047,1.4549413592712979,1.2022907737754898,0.2909882718542596,0.8333333333333334,1,1.2101410000032047,1.4549413592712979
Miftah,Jalan18,18,9,5.88305199999013,3.628932305529954,0.6168451860592159,9,0.5807457142842135,0.41880203999884513,103.31544172297818,5.88305199999013,3.628932305529954,0.6168451860592159,0.4032147006144393,1.0,1,5.88305199999013,3.628932305529954
Miftah,Jalan19,19,5,4.396554999999353,3.149051940493945,0.7162544174915152,5,1.0991387499998382,0.9399626833824414,54.588194620568906,4.396554999999353,3.149051940493945,0.7162544174915152,0.629810388098789,1.0,1,4.396554999999353,3.149051940493945
Miftah,Jalan20,20,6,2.5858229999867035,2.9548079687729105,1.1426953696320685,6,0.30371699999523116,0.03170048974815953,197.55232667562927,2.5858229999867035,2.9548079687729105,1.1426953696320685,0.4924679947954851,1.0,1,2.5858229999867035,2.9548079687729105
Miftah,Jalan21,21,6,4.348731999998563,2.8455508571786923,0.6543403587941572,6,0.8697463999997126,0.6619898921998798,68.98562615495716,4.348731999998563,2.8455508571786923,0.6543403587941572,0.47425847619644873,1.0,1,4.348731999998563,2.8455508571786923
Miftah,Jalan22,22,6,2.752304000008735,2.398705953704517,0.8715265296627495,6,0.3459935000028054,0.1011744137536823,173.41366239398576,2.752304000008735,2.398705953704517,0.8715265296627495,0.39978432561741944,1.0,1,2.752304000008735,2.398705953704517
Miftah,Jalan23,23,7,3.8871020000078715,5.226615646977424,1.3446047073029832,7,0.4901156000007177,0.3218711979843118,122.42009844190257,3.8871020000078715,5.226615646977424,1.3446047073029832,0.746659378139632,1.0,1,3.8871020000078715,5.226615646977424
Miftah,Jalan24,24,6,3.2672289999900386,2.609683187020846,0.7987451100087575,6,0.30421399999371107,0.053119890536867276,197.22958181162065,3.2672289999900386,2.609683187020846,0.7987451100087575,0.43494719783680763,1.0,1,3.2672289999900386,2.609683187020846
Miftah,Jalan25,25,5,1.2185040000040317,1.031446127284863,0.846485630971626,5,0.3046260000010079,0.03417719916619774,196.96283311273982,1.2185040000040317,1.031446127284863,0.846485630971626,0.2062892254569726,1.0,1,1.2185040000040317,1.031446127284863
Miftah,Jalan26,26,1,,,,0,,,,,,,,0.0,0,,
Miftah,Jalan27,27,7,1.655293999996502,1.1399504997524925,0.6886695050878584,7,0.2758823333327503,0.0055458107332825605,217.48402398653096,1.655293999996502,1.1399504997524925,0.6886695050878584,0.16285007139321322,1.0,1,1.655293999996502,1.1399504997524925
Miftah,Jalan28,28,6,2.58572699999786,2.9718451258907628,1.1493267177444573,5,0.39878725000016857,0.05207637036541648,150.4561642830222,1.5951490000006743,3.1198433206602734,1.9558319132939648,0.6239686641320547,0.8333333333333334,1,1.5951490000006743,3.1198433206602734
Miftah,Jalan29,29,7,4.401594999988447,3.4988514372705732,0.7949053552813825,6,0.35921774999587797,0.03477529900445198,167.02960808782,2.4347389999893494,2.2264444279847275,0.9144489113594791,0.3710740713307879,0.8571428571428571,1,2.4347389999893494,2.2264444279847275
Miftah,Jalan30,30,7,5.613746999995783,2.7022263934005473,0.48135877755135337,7,0.41257374999986496,0.14981443164268635,145.42854459358998,5.613746999995783,2.7022263934005473,0.48135877755135337,0.3860323419143639,1.0,1,5.613746999995783,2.7022263934005473
Miftah,Jalan31,31,5,1.6493309999932535,1.4538547955407592,0.8814815192018498,5,0.4123327499983134,0.027664665914891234,145.51354458321688,1.6493309999932535,1.4538547955407592,0.8814815192018498,0.29077095910815187,1.0,1,1.6493309999932535,1.4538547955407592
Miftah,Jalan32,32,6,3.0249710000061896,2.581131962312433,0.8532749445555516,6,0.2772429999992407,0.001008500366308363,216.41664532617352,3.0249710000061896,2.581131962312433,0.8532749445555516,0.4301886603854055,1.0,1,3.0249710000061896,2.581131962312433
Miftah,Jalan33,33,6,4.080608999996912,3.477449014972433,0.8521887333422695,6,0.5381854999977804,0.36362438798656127,111.48572378900481,4.080608999996912,3.477449014972433,0.8521887333422695,0.5795748358287388,1.0,1,4.080608999996912,3.477449014972433
Miftah,Jalan34,34,7,2.305676999996649,1.7116341433798132,0.7423564286681529,7,0.33022500000079164,0.06939322155995674,181.69429934092258,2.305676999996649,1.7116341433798132,0.7423564286681529,0.2445191633399733,1.0,1,2.305676999996649,1.7116341433798132
Miftah,Jalan35,35,7,3.3621579999889946,2.544145737814178,0.7567002317626078,6,0.3086641999980202,0.0488612920878152,194.3860026539678,1.543320999990101,1.646375024681762,1.066774199724051,0.27439583744696033,0.8571428571428571,1,1.543320999990101,1.646375024681762
Miftah,Jalan36,36,8,3.696479999998701,0.8609283934341793,0.23290492399106227,8,0.29327883333462523,0.027241297059475506,204.583465222467,3.696479999998701,0.8609283934341793,0.23290492399106227,0.10761604917927241,1.0,1,3.696479999998701,0.8609283934341793
Miftah,Jalan37,37,11,4.730274000001373,0.7769393758503986,0.1642482815689267,10,0.2927098571422643,0.028645319538879516,204.98113929534838,4.289334000000963,2.771520235241724,0.646142323083514,0.2771520235241724,0.9090909090909091,1,4.289334000000963,2.771520235241724
Miftah,Jalan38,38,6,2.481140999996569,0.7280891961238308,0.29344934291313457,4,0.27419066666819464,0.004886111987711338,218.82582922710344,0.822572000004584,0.9340670867857555,1.1355444712202094,0.23351677169643886,0.6666666666666666,0,0.822572000004584,0.9340670867857555
Miftah,Jalan39,39,8,4.027860999995028,1.4599798588368291,0.36247026867079857,6,0.3311811999999918,0.03682124299770857,181.16970407740985,1.655905999999959,1.2005792893920244,0.7250286486020668,0.20009654823200407,0.75,1,1.655905999999959,1.2005792893920244
Miftah,Jalan40,40,7,1.714059999998426,1.1321143656754595,0.6604870107677089,7,0.2758168000000296,0.003808571539236705,217.53569760795412,1.714059999998426,1.1321143656754595,0.6604870107677089,0.1617306236679228,1.0,1,1.714059999998426,1.1321143656754595
Miftah,Jalan41,41,4,0.9407320000027539,1.0131217084226052,1.0769504050246397,4,0.2790400000012596,0.003389869904147592,215.0229357788459,0.9407320000027539,1.0131217084226052,1.0769504050246397,0.2532804271056513,1.0,0,0.9407320000027539,1.0131217084226052
Miftah,Jalan42,42,7,4.524762000000919,2.105022638443095,0.46522284231583166,6,0.2783159999991767,0.00419724761246339,215.5822877598754,1.3915799999958836,0.6199161781995708,0.4454764930520736,0.1033193630332618,0.8571428571428571,1,1.3915799999958836,0.6199161781995708
Miftah,Jalan43,43,11,9.525732000009157,3.123809928680537,0.32793384578503093,7,0.36653300000034506,0.22897583977403624,163.69603828289272,2.1991980000020703,1.50735302401597,0.6854103286809787,0.21533614628799572,0.6363636363636364,1,2.1991980000020703,1.50735302401597
Miftah,Jalan44,44,11,8.922561000013957,1.5060358979112496,0.168789644353106,11,0.4240195714290686,0.19626726740047368,141.5029023254343,8.922561000013957,1.5060358979112496,0.168789644353106,0.13691235435556814,1.0,1,8.922561000013957,1.5060358979112496
Miftah,Jalan45,45,19,13.80948399999761,1.9788163859957717,0.1432940134472884,19,0.339668571427215,0.06893549670157945,176.64277783456023,13.80948399999761,1.9788163859957717,0.1432940134472884,0.10414823084188272,1.0,1,13.80948399999761,1.9788163859957717
Miftah,Jalan46,46,13,7.758606000003056,0.9457948103924296,0.12190267303070386,9,0.27522116666902247,0.00322768755536756,218.00648811344968,4.9511920000077225,1.773560385486475,0.3582087678045426,0.19706226505405278,0.6923076923076923,1,4.9511920000077225,1.773560385486475
Miftah,Jalan47,47,12,6.602408000006108,0.665126619490051,0.10074000569026266,11,0.29385699999875214,0.029011136584096747,204.18094515446217,5.386488000003737,1.6818353385992086,0.3122322631365821,0.15289412169083716,0.9166666666666666,1,5.386488000003737,1.6818353385992086
Miftah,Jalan48,48,12,8.062430000005406,1.6834715283644908,0.208804483060735,11,0.30276649999905203,0.03537489058351992,198.17251908711123,7.5362460000033025,2.468368593680597,0.3275329114362131,0.22439714488005427,0.9166666666666666,1,7.5362460000033025,2.468368593680597
Miftah,Jalan49,49,13,7.545444999996107,0.3807819921348573,0.05046514713645832,12,0.29441933333388687,0.03396226596797026,203.7909648139746,5.892802000002121,1.3430393834833085,0.2279118462630893,0.11191994862360904,0.9230769230769231,1,5.892802000002121,1.3430393834833085
Miftah,Jalan50,50,8,4.888392000008025,0.5054306188137716,0.10339404426096391,7,0.2829022000019904,0.02530045103807806,212.08742809203272,3.8458230000105686,1.5108965652028756,0.39286690136252334,0.21584236645755367,0.875,1,3.8458230000105686,1.5108965652028756
Miftah,Jalan51,51,17,9.348893999995198,4.8063834435368715,0.5141125189289065,15,0.28065109091006557,0.013579121956531251,213.78858640968886,6.21686800000316,4.4686563638512204,0.7187954390939214,0.297910424256748,0.8823529411764706,1,6.21686800000316,4.4686563638512204
Miftah,Jalan52,52,6,4.007394000000204,1.2805463064599107,0.319545896026157,4,0.2734869999985676,0.009477041045500461,219.38885577857172,0.8204609999957029,0.4975886715547521,0.6064744961154256,0.12439716788868803,0.6666666666666666,0,0.8204609999957029,0.4975886715547521
Miftah,Jalan53,53,10,3.7980229999957373,0.9023102014764732,0.2375736538397703,10,0.28900550000071235,0.07606172285598595,207.60850571996764,3.7980229999957373,0.9023102014764732,0.2375736538397703,0.09023102014764732,1.0,1,3.7980229999957373,0.9023102014764732
Miftah,Jalan54,54,11,7.098159000001033,0.23130827315845023,0.032587079714390246,11,0.27438871428603306,0.005373294325952649,218.66788565310216,7.098159000001033,0.23130827315845023,0.032587079714390246,0.021028024832586385,1.0,0,7.098159000001033,0.23130827315845023
Miftah,Jalan55,55,16,8.688066000002436,0.539328862198495,0.0620769757272037,16,0.27427125000031083,0.004082773136029258,218.7615362526404,8.688066000002436,0.539328862198495,0.0620769757272037,0.033708053887405935,1.0,0,8.688066000002436,0.539328862198495
Miftah,Jalan56,56,10,5.613050999992993,1.0557239249909995,0.1880837934649654,9,0.2762753999995766,0.005571267124473442,217.17460186499395,4.734344999989844,1.6686458264873218,0.35245547726050835,0.18540509183192466,0.9,1,4.734344999989844,1.6686458264873218
Miftah,Jalan57,57,18,7.3714599999948405,1.6490052399036506,0.22370130746213163,16,0.2755250000004058,0.002539529479641084,217.76608293226252,6.819487000000663,2.2459528630862673,0.3293433748148576,0.1403720539428917,0.8888888888888888,1,6.819487000000663,2.2459528630862673
Miftah,Jalan58,58,11,7.750724000012269,0.5901213526132704,0.0761375779362465,10,0.3227901428576193,0.06594202841684615,185.8792820277217,6.933681000009528,0.9620127094931424,0.13874487584470938,0.09620127094931424,0.9090909090909091,1,6.933681000009528,0.9620127094931424
Miftah,Jalan59,59,8,5.338562999997521,0.5716796883274111,0.10708493808683658,7,0.2994446000026073,0.032074826889393546,200.37095342336303,4.024933000007877,1.617398727433008,0.4018448822452057,0.23105696106185827,0.875,1,4.024933000007877,1.617398727433008
Miftah,Jalan60,60,12,8.474398999998812,0.3303503425251827,0.038982155846713024,10,0.2904974285691943,0.027879405797032904,206.54227576306567,6.16296999999031,1.5336366165746422,0.24884700340534738,0.15336366165746423,0.8333333333333334,1,6.16296999999031,1.5336366165746422
Miftah,Jalan61,61,9,6.05600900000718,0.486185564978947,0.08028151295322887,8,0.4134274999984579,0.1981309896417107,145.12822683595988,4.457219999996596,1.4009567097021054,0.3143117704989153,0.17511958871276317,0.8888888888888888,1,4.457219999996596,1.4009567097021054
Miftah,Jalan62,62,6,3.574437000002945,0.9660619642771048,0.27026968562498344,4,0.29241900000003324,0.026006018283393995,205.18502559680863,0.8772570000000997,0.614935117621029,0.7009748769413743,0.15373377940525726,0.6666666666666666,0,0.8772570000000997,0.614935117621029
Miftah,Jalan63,63,14,8.855781999998726,0.037879983917292796,0.004277429584117839,9,0.273340285714117,0.003390814292465904,219.50661185286535,4.392347000000882,1.4434011439680077,0.3286172845560057,0.16037790488533418,0.6428571428571429,1,4.392347000000882,1.4434011439680077
Miftah,Jalan64,64,7,4.289145000002463,0.3422589547182847,0.07979654563277487,5,0.2747605000004114,0.006952174554809543,218.37200034178915,1.0990420000016456,0.6248595992568107,0.5685493359269937,0.12497191985136213,0.7142857142857143,0,1.0990420000016456,0.6248595992568107
Miftah,Jalan65,65,7,3.52568199999223,2.4085152578719256,0.683134570241228,6,0.2703014999970037,0.0047250974230678274,221.9743508662183,2.361710999990464,1.538795532996618,0.6515596247817075,0.25646592216610303,0.8571428571428571,1,2.361710999990464,1.538795532996618
Miftah,Jalan66,66,6,2.63487900000473,0.9045582069743561,0.3433016115627064,5,0.2746176666696556,0.0021474124755805585,218.48557934248086,1.1516950000077486,0.4559202098292424,0.39586888006475235,0.09118404196584848,0.8333333333333334,0,1.1516950000077486,0.4559202098292424
Miftah,Jalan67,67,27,18.758835999993607,3.4737744353740174,0.1851807028631841,26,0.2931336666670783,0.034970458048991716,204.68477975320388,16.940505000005942,3.3774853370678684,0.19937335617011911,0.129903282194918,0.9629629629629629,1,16.940505000005942,3.3774853370678684
Miftah,Jalan68,68,16,13.42079499999818,3.3449180213741507,0.2492339702211832,14,0.32280524999805493,0.03617993079894322,185.87058296096959,9.624610999992,2.2655429450250013,0.2353905986462086,0.1618244960732144,0.875,1,9.624610999992,2.2655429450250013
Miftah,Jalan69,69,25,18.125992000001133,2.031677603973508,0.112086422854726,24,0.29634364285552045,0.039069124304806996,202.46764675580516,16.772005999999237,3.1113270178789665,0.18550714910781144,0.12963862574495694,0.96,1,16.772005999999237,3.1113270178789665
Miftah,Jalan70,70,16,15.078741000004811,2.8161968116948906,0.18676604443925338,15,0.4608839090889722,0.23902191515523138,130.1846274446895,12.38713600000483,2.95751260834967,0.23875677221502348,0.19716750722331133,0.9375,1,12.38713600000483,2.95751260834967
Miftah,Jalan71,71,14,12.718561999994563,1.6013157166566905,0.12590383383415318,13,0.32308512500094366,0.08022675276126222,185.70957112254783,10.520845999999437,1.0092377685684404,0.0959274347869453,0.07763367450526465,0.9285714285714286,0,10.520845999999437,1.0092377685684404
Miftah,Jalan72,72,26,17.66016899999522,2.47601103406051,0.1402031336201358,22,0.279358692308261,0.015455620834827532,214.7776376823544,13.593213000000105,1.81962683467815,0.13386289427511625,0.08271031066718863,0.8461538461538461,1,13.593213000000105,1.81962683467815
