subject,trial,trial_id,step_count_raw,step_count_valid,duration_walk_sec,mean_step_time,step_time_std,cadence_spm,distance_2d_m,walking_speed_ms,step_length_m,is_valid_trial,trial_num
Afi,Afi_Jalan1,Jalan1,3,3,0.7148159999997006,0.3574079999998503,0.040570958670107786,251.81305398882427,1.1804834350772042,1.651450772055604,0.5902417175386021,0,1.0
Afi,Afi_Jalan2,Jalan2,6,6,2.083814000005077,0.4167628000010154,0.25336774684448177,172.76014077989825,0.7326010509505032,0.3515673908269732,0.14652021019010064,1,2.0
Afi,Afi_Jalan3,Jalan3,5,5,1.5973630000007688,0.3993407500001922,0.05202168869647701,187.8095335874536,3.0818162337170407,1.9293148981888009,0.7704540584292602,1,3.0
Afi,Afi_Jalan4,Jalan4,2,2,0.39192999999795575,0.39192999999795575,0.0,306.177123467522,4.584173262397556,11.696408191313415,4.584173262397556,0,4.0
Afi,Afi_Jalan5,Jalan5,5,4,1.0491449999972247,0.3497149999990749,0.08199157963893623,228.75770270137576,1.700044628758962,1.620409599019639,0.566681542919654,0,5.0
Afi,Afi_Jalan6,Jalan6,4,4,1.1523310000047786,0.3841103333349262,0.1466578764313543,208.2734908624386,3.92892997927201,3.4095498422377917,1.3096433264240033,0,6.0
Afi,Afi_Jalan7,Jalan7,7,6,1.5364659999977448,0.30729319999954896,0.04776657361912666,234.30391560928027,1.8491144918107816,1.203485460669807,0.3698228983621563,1,7.0
Afi,Afi_Jalan8,Jalan8,5,5,1.221944999997504,0.305486249999376,0.035183489843192084,245.51023163940502,1.6333870153248171,1.3367107482973075,0.4083467538312043,0,8.0
Afi,Afi_Jalan9,Jalan9,5,4,0.9249009999984992,0.3083003333328331,0.07105529164382003,259.48723160683085,0.7414422794753989,0.8016450187388726,0.24714742649179963,0,9.0
Afi,Afi_Jalan10,Jalan10,6,5,1.432831999998598,0.3582079999996495,0.055417922993719115,209.3755583350271,1.3730077380385464,0.9582475391671109,0.3432519345096366,0,10.0
Afi,Afi_Jalan11,Jalan11,6,6,2.574859000000288,0.5149718000000576,0.3452927539917811,139.81348104884958,2.669618106774798,1.036801668275622,0.5339236213549596,1,11.0
Afi,Afi_Jalan12,Jalan12,7,6,1.4376370000027237,0.2875274000005447,0.0200155472269542,250.41091735905377,0.9552839363656,0.6644820190102162,0.19105678727312,0,12.0
Afi,Afi_Jalan13,Jalan13,4,4,1.8787809999994352,0.626260333333145,0.5594674778119945,127.74240318593394,2.696252825748608,1.4351075648249683,0.8987509419162026,1,13.0
Afi,Afi_Jalan14,Jalan14,2,0,,,,,,,,0,14.0
Afi,Afi_Jalan15,Jalan15,7,6,3.0215400000015507,0.6043080000003102,0.5058316449402633,119.1445421870355,3.0026263649235663,0.9937403989098358,0.6005252729847133,1,15.0
Afi,Afi_Jalan16,Jalan16,7,6,2.69855799999641,0.5397115999992821,0.46775813052910564,133.4045812617253,3.0973450575741674,1.1477778345243228,0.6194690115148335,1,16.0
Afi,Afi_Jalan17,Jalan17,4,3,0.5999550000051386,0.2999775000025693,0.040034264631857594,300.0225016850569,0.6624515753348813,1.1041687715398778,0.33122578766744065,0,17.0
Afi,Afi_Jalan18,Jalan18,7,7,4.570493999999599,0.7617489999999331,0.5428484493824037,91.89378653599302,3.0235916106634333,0.661545909624583,0.5039319351105722,1,18.0
Afi,Afi_Jalan19,Jalan19,5,5,3.581123000003572,0.895280750000893,0.719166942670051,83.77260429192205,2.8418027174002263,0.7935507150682598,0.7104506793500566,1,19.0
Afi,Afi_Jalan20,Jalan20,4,4,1.0318180000031134,0.34393933333437116,0.0285317418063099,232.59915992866553,1.2784684751139481,1.2390445554449432,0.42615615837131604,0,20.0
Afi,Afi_Jalan21,Jalan21,6,6,4.846661999996286,0.9693323999992571,0.658497235192188,74.27792571470341,0.8713505046244701,0.17978363348323811,0.174270100924894,0,21.0
Afi,Afi_Jalan22,Jalan22,3,3,0.9882989999969141,0.49414949999845703,0.3108901029438655,182.13111619111427,2.6637423847586144,2.6952798543425946,1.3318711923793072,0,22.0
Afi,Afi_Jalan23,Jalan23,4,4,1.487660999999207,0.4958869999997357,0.15135873311608883,161.3270765316345,0.9032378805757925,0.6071530278580093,0.30107929352526414,0,23.0
Afi,Afi_Jalan24,Jalan24,3,3,1.1575809999994817,0.5787904999997409,0.1159874324249874,155.49667798631853,1.3386538922521214,1.1564235178814448,0.6693269461260607,0,24.0
Afi,Afi_Jalan25,Jalan25,5,5,1.2690180000063265,0.3172545000015816,0.05850748405524855,236.40326614634654,1.8800631380834474,1.481510221347589,0.47001578452086185,0,25.0
Afi,Afi_Jalan26,Jalan26,4,4,0.8329440000015893,0.27764800000052975,0.0022428769514712217,288.13461649227565,1.0359258135787346,1.2436920292081557,0.34530860452624484,0,26.0
Afi,Afi_Jalan27,Jalan27,6,6,3.857661999994889,0.7715323999989778,0.7334652095404309,93.32077304866962,2.278711360391059,0.5906975158513312,0.45574227207821183,1,27.0
Afi,Afi_Jalan28,Jalan28,6,4,1.2082379999992554,0.4027459999997518,0.21656355334128288,198.63636137925468,1.5463213664103066,1.2798152072780855,0.5154404554701022,0,28.0
Afi,Afi_Jalan29,Jalan29,8,8,3.1264640000008512,0.4466377142858359,0.4008979936827887,153.5280751673038,0.17222411879532976,0.05508591136673343,0.024603445542189965,0,29.0
Afi,Afi_Jalan30,Jalan30,10,10,5.558940000002622,0.6176600000002913,0.9496422892613726,107.93424645700746,3.4847346863876045,0.6268703541297371,0.38719274293195605,1,30.0
Afi,Afi_Jalan31,Jalan31,6,4,0.8166990000026999,0.27223300000089995,0.002276145646754577,293.8659163280555,0.7730416147432718,0.9465440936510467,0.2576805382477573,0,31.0
Afi,Afi_Jalan32,Jalan32,7,5,1.1609579999931157,0.2902394999982789,0.027697296048967594,258.4072808850785,1.7909854413210662,1.5426789266551302,0.44774636033026655,0,32.0
Afi,Afi_Jalan33,Jalan33,7,5,1.2537659999943571,0.3134414999985893,0.028840455764948515,239.27909992881465,1.0198320271604944,0.8134149651251384,0.2549580067901236,0,33.0
Afi,Afi_Jalan34,Jalan34,4,3,0.6614410000038333,0.33072050000191666,2.8991382698387554e-05,272.13311542368376,2.4738971005821604,3.740162917883565,1.2369485502910802,0,34.0
Afi,Afi_Jalan35,Jalan35,2,2,0.33138400000461843,0.33138400000461843,0.0,362.117664094608,1.788897914789135,5.398262785059639,1.788897914789135,0,35.0
Afi,Afi_Jalan36,Jalan36,4,3,0.6053929999980028,0.3026964999990014,0.03857196780723244,297.32752113188263,3.2599875986281606,5.384911286782165,1.6299937993140803,0,36.0
Afi,Afi_Jalan37,Jalan37,6,6,1.6491709999972954,0.32983419999945907,0.05523456515386035,218.29149312023458,0.08786448529249415,0.053277971352054,0.017572897058498828,0,37.0
Afi,Afi_Jalan38,Jalan38,3,3,0.7661479999951553,0.38307399999757763,0.00332764450691717,234.94155176433043,2.8963174321204583,3.780362843913674,1.4481587160602292,0,38.0
Afi,Afi_Jalan39,Jalan39,7,7,2.1453360000014072,0.3575560000002345,0.04559633439819527,195.7735291813145,1.832898890470937,0.8543644867143118,0.30548314841182284,1,39.0
Afi,Afi_Jalan40,Jalan40,6,6,3.2581720000016503,0.65163440000033,0.511726570168149,110.49140438252421,1.2303276320803362,0.3776128553310608,0.24606552641606724,1,40.0
Afi,Afi_Jalan41,Jalan41,7,5,1.0965939999950933,0.27414849999877333,0.0038694899276311514,273.5743584237579,1.5128056018231741,1.3795494064621392,0.37820140045579353,0,41.0
Afi,Afi_Jalan42,Jalan42,9,9,4.300495000003139,0.5375618750003923,0.4396395935290749,125.5669405497753,2.1820593436351143,0.5073972516265038,0.2727574179543893,1,42.0
Afi,Afi_Jalan43,Jalan43,18,18,11.005297999996401,0.6473704705880235,0.9742028345120256,98.13455301259023,1.0416517033120254,0.09465002249937858,0.061273629606589726,0,43.0
Afi,Afi_Jalan44,Jalan44,13,13,7.867614000002504,0.6556345000002087,0.9188032553467781,99.1406034917005,0.4104605744090572,0.052170909046748676,0.034205047867421436,0,44.0
Afi,Afi_Jalan45,Jalan45,21,18,9.794120000005933,0.5761247058827019,0.7375654415465128,110.27024377885363,1.8498618373150548,0.18887473681289738,0.10881540219500323,0,45.0
Afi,Afi_Jalan46,Jalan46,9,9,6.382721000001766,0.7978401250002207,0.9457894914094597,84.60341600390345,0.5234624094046356,0.08201242219493705,0.06543280117557945,0,46.0
Afi,Afi_Jalan47,Jalan47,10,8,4.6737970000031055,0.6676852857147294,1.035779273474024,102.70022425015058,1.477232961908059,0.31606699262014964,0.21103328027257987,1,47.0
Afi,Afi_Jalan48,Jalan48,15,12,7.4824329999974,0.6802211818179454,0.9178881985315718,96.22538551300762,0.6324178128600847,0.08452034423299273,0.05749252844182588,0,48.0
Afi,Afi_Jalan49,Jalan49,10,10,5.734035000001313,0.6371150000001459,0.540834470404564,104.6383567592215,0.18934549999061032,0.03302133663128442,0.02103838888784559,0,49.0
Afi,Afi_Jalan50,Jalan50,8,6,3.519733000000997,0.7039466000001994,0.8417917911621645,102.28048547997761,1.2981023851016604,0.36880706153031856,0.2596204770203321,1,50.0
Afi,Afi_Jalan51,Jalan51,14,11,5.442619999994349,0.5442619999994349,0.5589717514502442,121.2651259872424,1.048174370053704,0.19258635915327404,0.10481743700537041,0,51.0
Afi,Afi_Jalan52,Jalan52,6,6,3.5577069999999367,0.7115413999999873,0.9249184165526128,101.18877130691381,0.6828230563541862,0.19192785025697684,0.13656461127083724,0,52.0
Afi,Afi_Jalan53,Jalan53,6,6,3.5218630000017583,0.7043726000003516,0.6037145077050238,102.21862690281259,0.13982819972982324,0.039702907162985454,0.027965639945964647,0,53.0
Afi,Afi_Jalan54,Jalan54,10,10,4.384720000001835,0.48719111111131497,0.41708549567764347,136.83884033638384,0.9046309893178358,0.2063144258510138,0.10051455436864842,1,54.0
Afi,Afi_Jalan55,Jalan55,13,10,3.567353999998886,0.3963726666665429,0.34529734523101524,168.191886759819,2.6847817133818936,0.7525975031866005,0.29830907926465483,1,55.0
Afi,Afi_Jalan56,Jalan56,12,11,4.626280999997107,0.46262809999971066,0.5404102997767041,142.66318885524092,1.9907550533963088,0.4303143396169739,0.19907550533963086,1,56.0
Afi,Afi_Jalan57,Jalan57,18,15,5.328847000004316,0.3806319285717369,0.24607325244604325,168.89206989791057,2.756109245447022,0.5172055503647955,0.19686494610335872,1,57.0
Afi,Afi_Jalan58,Jalan58,9,8,2.7429450000054203,0.39184928571506006,0.28672812610856874,174.9943947104486,2.1471606983895146,0.7827939307515359,0.3067372426270735,1,58.0
Afi,Afi_Jalan59,Jalan59,9,7,2.621370000000752,0.4368950000001253,0.32609299240374784,160.22156353352617,2.1619399541348976,0.8247366659930789,0.3603233256891496,1,59.0
Afi,Afi_Jalan60,Jalan60,17,17,8.409367999993265,0.525585499999579,0.6509464528221683,121.29330051923247,0.5860421045243299,0.06968919715783627,0.03662763153277062,0,60.0
Afi,Afi_Jalan61,Jalan61,10,7,1.7013559999977588,0.2835593333329598,0.024252508124757245,246.86191484942202,0.9988633861859387,0.5870984004448537,0.1664772310309898,1,61.0
Afi,Afi_Jalan62,Jalan62,10,9,4.62351600000693,0.5779395000008662,0.4163787119104085,116.79423192202441,1.2422731301611079,0.26868580754543636,0.15528414127013848,1,62.0
Afi,Afi_Jalan63,Jalan63,10,10,3.451944000000367,0.3835493333333741,0.28781201799031336,173.8151024466029,2.2122197632524205,0.6408620079735319,0.2458021959169356,1,63.0
Afi,Afi_Jalan64,Jalan64,4,3,0.5537890000050538,0.2768945000025269,0.002670742311184659,325.03354165279075,0.3312849843307188,0.5982151764077934,0.1656424921653594,0,64.0
Afi,Afi_Jalan65,Jalan65,6,4,0.9295279999932973,0.30984266666443244,0.029174405091500495,258.19555731697227,0.6548386601681406,0.7044851367283854,0.2182795533893802,0,65.0
Afi,Afi_Jalan66,Jalan66,12,12,5.654684000000998,0.5140621818182726,0.5168841684471828,127.32806996816673,0.2969244046843696,0.05250946024292731,0.026993127698579054,0,66.0
Afi,Afi_Jalan67,Jalan67,17,17,14.568875999997545,0.9105547499998465,1.1900778813833972,70.01226450140504,2.0787650870980925,0.14268534422960583,0.12992281794363078,0,67.0
Afi,Afi_Jalan68,Jalan68,15,13,8.40880200000538,0.7007335000004483,0.7096831955968033,92.75994368751945,2.7715309824048275,0.3295987921231888,0.2309609152004023,1,68.0
Afi,Afi_Jalan69,Jalan69,25,25,15.126263999998628,0.6302609999999428,0.8210641302099185,99.16526645311335,2.0782527217489917,0.13739365660609787,0.08659386340620799,0,69.0
Afi,Afi_Jalan70,Jalan70,24,22,14.464012000004004,0.6887624761906669,0.8712075165462007,91.2609862325636,1.479862614701311,0.1023134255351075,0.07046964831911004,0,70.0
Afi,Afi_Jalan71,Jalan71,19,16,12.004344000000856,0.8002896000000571,0.8641345539404859,79.97105047972063,4.1614423184195815,0.3466613684528938,0.2774294878946388,1,71.0
Afi,Afi_Jalan72,Jalan72,26,25,15.564540999999736,0.6485225416666557,0.8425485052551898,96.37290299791208,2.482876165262652,0.15952132255379034,0.10345317355261051,0,72.0
Kinan,Kinan_Jalan1,Jalan1,4,4,1.0482179999962682,0.34940599999875604,0.0870666182247803,228.9600064116953,0.882740035039325,0.8421340170102666,0.29424667834644164,0,1.0
Kinan,Kinan_Jalan2,Jalan2,6,4,0.8221940000003087,0.2740646666667696,0.0007425828806711493,291.9019112276542,0.7548587946966778,0.9181030203290153,0.25161959823222596,0,2.0
Kinan,Kinan_Jalan3,Jalan3,9,7,1.7672069999971427,0.2945344999995238,0.043476533351039584,237.66316000371154,1.286816208077241,0.7281638246562635,0.2144693680128735,1,3.0
Kinan,Kinan_Jalan4,Jalan4,9,6,1.374087000003783,0.2748174000007566,0.007526550689578939,261.99214460147635,1.1894916782789442,0.8656596549386388,0.23789833565578883,0,4.0
Kinan,Kinan_Jalan5,Jalan5,6,5,1.216642999999749,0.30416074999993725,0.0312874404847214,246.5801389561785,1.2817576866079614,1.0535199615731368,0.32043942165199035,0,5.0
Kinan,Kinan_Jalan6,Jalan6,10,7,1.697760000002745,0.2829600000004575,0.02105945738216071,247.3847893691222,1.3384479952421102,0.7883611318678412,0.22307466587368505,1,6.0
Kinan,Kinan_Jalan7,Jalan7,7,7,3.485704999999143,0.5809508333331905,0.5903747115682354,120.49212426183605,1.5109408875697574,0.4334678028032002,0.25182348126162624,1,7.0
Kinan,Kinan_Jalan8,Jalan8,6,4,0.9457909999982803,0.31526366666609346,0.06715703028186443,253.75585092312824,0.8545051704909509,0.9034820277339334,0.28483505683031696,0,8.0
Kinan,Kinan_Jalan9,Jalan9,6,6,1.5362590000004275,0.3072518000000855,0.04967358416718736,234.33548639903807,1.2963667091564772,0.8438464537269539,0.25927334183129547,1,9.0
Kinan,Kinan_Jalan10,Jalan10,5,4,0.9374670000033802,0.3124890000011267,0.061948888632411166,256.0090115162823,0.8298851730789671,0.8852420117998552,0.27662839102632236,0,10.0
Kinan,Kinan_Jalan11,Jalan11,3,2,0.32914500000333646,0.32914500000333646,0.0,364.5809597556809,0.3682038990657838,1.1186677575598944,0.3682038990657838,0,11.0
Kinan,Kinan_Jalan12,Jalan12,7,6,3.913371000002371,0.7826742000004743,0.9190842461567876,91.9923002444138,1.0414632712274832,0.26612944983413334,0.20829265424549664,1,12.0
Kinan,Kinan_Jalan13,Jalan13,6,5,2.529250999999931,0.6323127499999828,0.4401988110844652,118.61218993291223,2.7155605802355463,1.0736619577240931,0.6788901450588866,1,13.0
Kinan,Kinan_Jalan14,Jalan14,8,7,3.078707000000577,0.5131178333334295,0.3074776250695477,136.42090656886845,3.484872274828987,1.1319272262116316,0.5808120458048311,1,14.0
Kinan,Kinan_Jalan15,Jalan15,6,5,2.042111999995541,0.5105279999988852,0.4265925995785432,146.90673185440127,1.8187359085393993,0.8906151614325614,0.4546839771348498,1,15.0
Kinan,Kinan_Jalan16,Jalan16,5,5,1.2012389999945299,0.30030974999863247,0.028632745153415313,249.7421412403078,0.6378154678284027,0.5309646688388465,0.15945386695710068,0,16.0
Kinan,Kinan_Jalan17,Jalan17,7,7,2.374266999999236,0.3957111666665393,0.24009706773771197,176.89670117140793,3.1001258783712613,1.3057191454761654,0.5166876463952103,1,17.0
Kinan,Kinan_Jalan18,Jalan18,7,7,5.606188999998267,0.9343648333330444,0.527252979488466,74.91720311251187,3.4634479430218392,0.6177900786118538,0.5772413238369732,1,18.0
Kinan,Kinan_Jalan19,Jalan19,7,7,3.028308000000834,0.504718000000139,0.5061663037460603,138.69130881003,2.608614923885042,0.861410042797603,0.4347691539808403,1,19.0
Kinan,Kinan_Jalan20,Jalan20,9,7,1.912348000005295,0.3187246666675492,0.06468353128446865,219.62529832375543,1.4402911214982994,0.7531532553145721,0.24004852024971657,1,20.0
Kinan,Kinan_Jalan21,Jalan21,6,6,2.586310999999114,0.5172621999998228,0.5405822492306985,139.19439696158867,2.318650923032515,0.8965089360998386,0.46373018460650306,1,21.0
Kinan,Kinan_Jalan22,Jalan22,4,3,0.9492919999975129,0.47464599999875645,0.030493272829179754,189.61499728268183,4.166740510304083,4.389313836327495,2.0833702551520417,0,22.0
Kinan,Kinan_Jalan23,Jalan23,5,4,0.8338139999978011,0.27793799999926705,0.001919723681595379,287.83397736261674,0.6683276675845395,0.8015308780930783,0.2227758891948465,0,23.0
Kinan,Kinan_Jalan24,Jalan24,7,7,4.300892999999633,0.7168154999999388,0.4926909125970816,97.65413833825578,2.81089014660546,0.6535596553101182,0.46848169110091,1,24.0
Kinan,Kinan_Jalan25,Jalan25,7,5,1.1062090000050375,0.2765522500012594,0.005336485012180101,271.19649180094706,0.9973728874435877,0.901613426973606,0.2493432218608969,0,25.0
Kinan,Kinan_Jalan26,Jalan26,5,4,0.8190899999899557,0.2730299999966519,0.004256470481869083,293.00809435219946,0.8990326888440366,1.0975993954938545,0.29967756294801223,0,26.0
Kinan,Kinan_Jalan27,Jalan27,6,6,3.401120999988052,0.6802241999976104,0.7526905650010156,105.84745441319632,3.2711628761165263,0.961789620577456,0.6542325752233052,1,27.0
Kinan,Kinan_Jalan28,Jalan28,7,6,1.6543200000014622,0.3308640000002924,0.06895067467223995,217.612070215969,1.472599606514538,0.8901540249245832,0.2945199213029076,1,28.0
Kinan,Kinan_Jalan29,Jalan29,7,5,1.0966419999895152,0.2741604999973788,0.005820573198229214,273.56238408055526,1.1820235780093253,1.0778572934655306,0.29550589450233133,0,29.0
Kinan,Kinan_Jalan30,Jalan30,7,4,0.9879570000048261,0.3293190000016087,0.0008218327029327815,242.92555242670238,1.3588639768680013,1.3754282593891873,0.45295465895600046,0,30.0
Kinan,Kinan_Jalan31,Jalan31,7,6,1.424979000003077,0.2849958000006154,0.025511637651904603,252.6353019933786,1.221948561082204,0.8575203993038251,0.24438971221644082,0,31.0
Kinan,Kinan_Jalan32,Jalan32,7,6,1.7047050000110175,0.3409410000022035,0.07310357421039039,211.1802335287767,1.6734402830396224,0.9816597493576935,0.3346880566079245,1,32.0
Kinan,Kinan_Jalan33,Jalan33,9,9,4.660401999994065,0.5825502499992581,0.6703188469223746,115.86983268840063,2.532553935010939,0.5434196309704966,0.31656924187636737,1,33.0
Kinan,Kinan_Jalan34,Jalan34,7,7,2.5896190000057686,0.4316031666676281,0.22580182084433062,162.1860204142248,2.091522611518147,0.8076564975440357,0.34858710191969117,1,34.0
Kinan,Kinan_Jalan35,Jalan35,6,5,1.100800000000163,0.27520000000004075,0.003929103630664459,272.5290697674015,1.1863784004030458,1.077742006179933,0.29659460010076144,0,35.0
Kinan,Kinan_Jalan36,Jalan36,5,5,1.3182680000027176,0.3295670000006794,0.047899172693061084,227.57132843957493,1.0990480369373674,0.8337060726158123,0.27476200923434185,0,36.0
Kinan,Kinan_Jalan37,Jalan37,9,7,1.7704870000015944,0.2950811666669324,0.029729563151389908,237.22286579885747,1.6412034804308113,0.9269785547306099,0.2735339134051352,1,37.0
Kinan,Kinan_Jalan38,Jalan38,4,3,0.5437649999948917,0.27188249999744585,0.0013003693632191184,331.0253510279091,0.7807096522259867,1.4357482593276891,0.3903548261129933,0,38.0
Kinan,Kinan_Jalan39,Jalan39,10,6,1.3823379999957979,0.2764675999991596,0.002858754326811744,260.42834675824173,1.403282041292204,1.0151511723590538,0.2806564082584408,0,39.0
Kinan,Kinan_Jalan40,Jalan40,7,5,1.2761840000021039,0.31904600000052596,0.032183711490061065,235.07581978735467,1.3431320265442483,1.0524595407418007,0.3357830066360621,0,40.0
Kinan,Kinan_Jalan41,Jalan41,7,7,1.6448250000103144,0.27413750000171905,0.006465379831879973,255.34631343599852,2.0010261934069042,1.2165587180364819,0.3335043655678174,1,41.0
Kinan,Kinan_Jalan42,Jalan42,3,2,0.45578699999896344,0.45578699999896344,0.0,263.28087461966425,4.518180038248559,9.912919934659906,4.518180038248559,0,42.0
Kinan,Kinan_Jalan43,Jalan43,17,15,8.137975000005099,0.5812839285717928,0.9317550732523465,110.59262285758264,2.2612845318482027,0.2778682082270818,0.16152032370344305,1,43.0
Kinan,Kinan_Jalan44,Jalan44,14,10,5.011528000002727,0.5568364444447474,0.8458290835459531,119.72396442755054,2.815729027367832,0.5618504031836797,0.31285878081864804,1,44.0
Kinan,Kinan_Jalan45,Jalan45,14,11,7.428807999996934,0.7428807999996934,1.1542270336866698,88.84332452800939,2.6175380833214037,0.3523496748499199,0.26175380833214035,1,45.0
Kinan,Kinan_Jalan46,Jalan46,14,12,5.9443259999970905,0.5403932727270082,0.8429941628255722,121.1239087493439,2.4865207692054043,0.4183015482674775,0.22604734265503676,1,46.0
Kinan,Kinan_Jalan47,Jalan47,10,8,4.280824000001303,0.6115462857144719,0.8207780324792997,112.1279454609332,2.11851135783933,0.4948840124795332,0.30264447969133285,1,47.0
Kinan,Kinan_Jalan48,Jalan48,13,11,5.893494000003557,0.5893494000003556,0.8804736936618481,111.98789716246452,2.540601455731449,0.4310857796291836,0.25406014557314494,1,48.0
Kinan,Kinan_Jalan49,Jalan49,10,8,5.336892000006628,0.7624131428580897,1.150995121212129,89.93998754320002,2.0368080016085957,0.3816468464428484,0.2909725716583708,1,49.0
Kinan,Kinan_Jalan50,Jalan50,5,5,3.6717740000021877,0.9179435000005469,1.1852304397257911,81.70437505135699,1.7383715839957912,0.47344187959137884,0.4345928959989478,1,50.0
Kinan,Kinan_Jalan51,Jalan51,9,9,4.787046999990707,0.5983808749988384,0.8100254230236917,112.80440739375408,1.4880380196007192,0.3108467536674714,0.1860047524500899,1,51.0
Kinan,Kinan_Jalan52,Jalan52,9,9,3.9127799999987474,0.4890974999998434,0.5354463214547568,138.00929262574763,1.1635158158720478,0.29736295316179806,0.14543947698400597,1,52.0
Kinan,Kinan_Jalan53,Jalan53,8,8,4.114064000008511,0.5877234285726445,0.5521951140731872,116.67295404228203,1.2180996053715836,0.296081831825918,0.17401422933879765,1,53.0
Kinan,Kinan_Jalan54,Jalan54,13,11,5.500476000001072,0.5500476000001072,0.8312036020572794,119.98961544416727,1.1470399039464592,0.20853466208128818,0.11470399039464592,1,54.0
Kinan,Kinan_Jalan55,Jalan55,15,15,5.499700000000303,0.3928357142857359,0.31472005969873673,163.64528974306788,1.552826949771107,0.2823475734623746,0.11091621069793621,1,55.0
Kinan,Kinan_Jalan56,Jalan56,8,5,1.104550999996718,0.2761377499991795,0.0034193798045896178,271.6035746659877,1.0891320927514696,0.9860405655824908,0.2722830231878674,0,56.0
Kinan,Kinan_Jalan57,Jalan57,16,15,5.767528000011225,0.41196628571508753,0.236855469929373,156.0460564731109,2.161771570719649,0.3748176984516489,0.15441225505140352,1,57.0
Kinan,Kinan_Jalan58,Jalan58,12,10,3.857331000006525,0.42859233333405833,0.39610600065646706,155.5479682710623,1.685405378481519,0.43693563722653517,0.18726726427572435,1,58.0
Kinan,Kinan_Jalan59,Jalan59,7,7,3.028453000006266,0.504742166667711,0.4102768188979215,138.68466837660384,1.9664809988122778,0.6493351552123177,0.3277468331353796,1,59.0
Kinan,Kinan_Jalan60,Jalan60,12,12,4.562747000003583,0.41479518181850755,0.3618804068295729,157.7996763790398,1.802741062486243,0.39509993924379927,0.163885551135113,1,60.0
Kinan,Kinan_Jalan61,Jalan61,5,5,3.901685999997426,0.9754214999993565,0.6071967480081489,76.88983685519489,1.4371164031608707,0.3683321526032128,0.3592791007902177,1,61.0
Kinan,Kinan_Jalan62,Jalan62,8,7,2.584532000008039,0.4307553333346732,0.377891399471337,162.50524272815875,1.363602677351322,0.527601390637485,0.22726711289188697,1,62.0
Kinan,Kinan_Jalan63,Jalan63,13,12,4.063412999996217,0.36940118181783793,0.26676676481332656,177.19094760996984,2.145594622009486,0.5280277003621053,0.1950540565463169,1,63.0
Kinan,Kinan_Jalan64,Jalan64,9,9,3.5969869999971706,0.44962337499964633,0.38008964376820337,150.1256468261978,0.7111990047836177,0.1977207603986829,0.08889987559795222,0,64.0
Kinan,Kinan_Jalan65,Jalan65,8,7,1.9832150000002002,0.3305358333333667,0.11145126303685501,211.77734133715083,0.6244318784642762,0.3148583882555412,0.10407197974404603,1,65.0
Kinan,Kinan_Jalan66,Jalan66,7,6,2.862369000009494,0.5724738000018987,0.663587119334211,125.76994789938193,0.7551956203601216,0.26383587174037193,0.1510391240720243,1,66.0
Kinan,Kinan_Jalan67,Jalan67,21,19,12.645283000005293,0.7025157222225162,0.78809258841824,90.15219350958954,1.7996648966809108,0.1423190684368359,0.09998138314893949,0,67.0
Kinan,Kinan_Jalan68,Jalan68,17,17,10.774168000003556,0.6733855000002222,0.5874089798479522,94.67088317164382,0.8098799199740191,0.07516867381070648,0.05061749499837619,0,68.0
Kinan,Kinan_Jalan69,Jalan69,27,26,15.23079199998756,0.6092316799995023,0.536115339848801,102.42408930548551,1.9473197735480077,0.1278541374309096,0.07789279094192031,0,69.0
Kinan,Kinan_Jalan70,Jalan70,21,19,11.833757000000332,0.6574309444444629,0.763216699594411,96.33457911971388,1.8383795590775955,0.15535045709300468,0.10213219772653309,0,70.0
Kinan,Kinan_Jalan71,Jalan71,17,17,11.042153999995207,0.6901346249997005,0.5606273809133077,92.37328151739622,0.497087877304918,0.0450172925776197,0.031067992331557374,0,71.0
Kinan,Kinan_Jalan72,Jalan72,15,14,10.82526900000812,0.8327130000006246,0.8281037006030237,77.5962241676738,3.125379861258979,0.28871151943260115,0.24041383548145992,1,72.0
Miftah,Miftah_Jalan1,Jalan1,8,6,1.4820049999980256,0.2964009999996051,0.03208669208750927,242.91416020895988,1.3675572768390385,0.9227750762250198,0.2735114553678077,0,1.0
Miftah,Miftah_Jalan2,Jalan2,3,3,0.8236219999962486,0.4118109999981243,0.03831528804108451,218.54685766142703,2.0125472433163147,2.4435326440108223,1.0062736216581574,0,2.0
Miftah,Miftah_Jalan3,Jalan3,3,3,0.6603509999986272,0.3301754999993136,0.00048153972151520323,272.58230850013734,5.882904181144216,8.908753346563337,2.941452090572108,0,3.0
Miftah,Miftah_Jalan4,Jalan4,9,6,1.3716810000041733,0.27433620000083464,0.0030502364952160943,262.4516924845534,1.2293282985261942,0.8962202571315444,0.24586565970523883,0,4.0
Miftah,Miftah_Jalan5,Jalan5,6,5,1.2202370000013616,0.3050592500003404,0.05737521657971563,245.8538792051587,1.368241360721057,1.1212914874073892,0.34206034018026427,0,5.0
Miftah,Miftah_Jalan6,Jalan6,3,3,0.6038050000061048,0.3019025000030524,0.039854659505227125,298.1094889876369,4.136858017102364,6.851314608293303,2.068429008551182,0,6.0
Miftah,Miftah_Jalan7,Jalan7,8,8,1.9770290000014938,0.2824327142859277,0.0213355208332449,242.78854786633747,1.7111305186952492,0.8655060288412342,0.24444721695646418,1,7.0
Miftah,Miftah_Jalan8,Jalan8,9,9,3.177150999996229,0.39714387499952863,0.26036617188513816,169.96359316905017,2.3403962855587914,0.7366336335797604,0.29254953569484893,1,8.0
Miftah,Miftah_Jalan9,Jalan9,4,3,0.7138050000066869,0.35690250000334345,0.03657509825512903,252.16971021261236,0.7454441893831425,1.044324695646793,0.37272209469157125,0,9.0
Miftah,Miftah_Jalan10,Jalan10,3,3,0.7156610000092769,0.35783050000463845,0.03810951997527255,251.51573160709708,2.1588000449725966,3.0165120705817596,1.0794000224862983,0,10.0
Miftah,Miftah_Jalan11,Jalan11,6,6,2.1343419999902835,0.4268683999980567,0.3398479982174227,168.6702505979074,3.0124877327625166,1.41143628002271,0.6024975465525033,1,11.0
Miftah,Miftah_Jalan12,Jalan12,6,6,1.7046279999922263,0.34092559999844524,0.04599455394413516,211.18977278423313,4.888746109250214,2.867925500034323,0.9777492218500428,1,12.0
Miftah,Miftah_Jalan13,Jalan13,5,5,4.994301000013365,1.2485752500033414,0.6839284145444823,60.06846603742889,3.606077007821526,0.7220383809089351,0.9015192519553815,1,13.0
Miftah,Miftah_Jalan14,Jalan14,4,4,2.4718770000035875,0.8239590000011958,0.5024481507132756,97.09220968504974,3.427477111199709,1.3865888598804612,1.142492370399903,1,14.0
Miftah,Miftah_Jalan15,Jalan15,8,8,4.7900099999969825,0.6842871428567118,0.4286970015476323,100.20855906361415,3.0642995542303204,0.6397271726431157,0.43775707917576007,1,15.0
Miftah,Miftah_Jalan16,Jalan16,8,7,3.679082999995444,0.6131804999992406,0.5744915551391743,114.15888143880422,2.740640605716253,0.7449249189865103,0.45677343428604217,1,16.0
Miftah,Miftah_Jalan17,Jalan17,6,5,1.2101410000032047,0.30253525000080117,0.06263197808597704,247.9049961940018,1.4549413592712979,1.2022907737754898,0.36373533981782447,0,17.0
Miftah,Miftah_Jalan18,Jalan18,9,8,5.67424100000062,0.8106058571429458,0.5880147591583165,84.59281162008232,3.5229253968439,0.6208628425975412,0.5032750566919857,1,18.0
Miftah,Miftah_Jalan19,Jalan19,5,3,0.6079929999978049,0.30399649999890244,0.05167041381619381,296.05604011995183,0.4540546280240114,0.746808973171814,0.2270273140120057,0,19.0
Miftah,Miftah_Jalan20,Jalan20,6,6,2.5858229999867035,0.5171645999973407,0.47807225449821666,139.2206659163644,2.9548079687729105,1.1426953696320685,0.5909615937545821,1,20.0
Miftah,Miftah_Jalan21,Jalan21,6,5,2.372243999998318,0.5930609999995795,0.27192294131154204,126.4625392667081,1.6017060573941684,0.6751860505897809,0.4004265143485421,1,21.0
Miftah,Miftah_Jalan22,Jalan22,6,6,2.752304000008735,0.550460800001747,0.46552291065326407,130.7995047054604,2.398705953704517,0.8715265296627495,0.4797411907409034,1,22.0
Miftah,Miftah_Jalan23,Jalan23,7,7,3.8871020000078715,0.6478503333346453,0.481832264458324,108.04964726913508,5.226615646977424,1.3446047073029832,0.8711026078295707,1,23.0
Miftah,Miftah_Jalan24,Jalan24,6,6,3.2672289999900386,0.6534457999980077,0.5108424415325629,110.18511405264142,2.609683187020846,0.7987451100087575,0.5219366374041692,1,24.0
Miftah,Miftah_Jalan25,Jalan25,5,5,1.2185040000040317,0.3046260000010079,0.03417719916619774,246.20354139092476,1.031446127284863,0.846485630971626,0.25786153182121574,0,25.0
Miftah,Miftah_Jalan26,Jalan26,1,1,,,,,,,,0,26.0
Miftah,Miftah_Jalan27,Jalan27,7,7,1.655293999996502,0.2758823333327503,0.0055458107332825605,253.73136131761945,1.1399504997524925,0.6886695050878584,0.18999174995874876,1,27.0
Miftah,Miftah_Jalan28,Jalan28,6,5,1.5951490000006743,0.39878725000016857,0.05207637036541648,188.07020535377774,3.1198433206602734,1.9558319132939648,0.7799608301650683,1,28.0
Miftah,Miftah_Jalan29,Jalan29,7,6,2.4347389999893494,0.48694779999786986,0.2871964822785849,147.85979113226296,2.2264444279847275,0.9144489113594791,0.4452888855969455,1,29.0
Miftah,Miftah_Jalan30,Jalan30,7,7,5.613746999995783,0.9356244999992972,0.9388341236082868,74.81633924726488,2.7022263934005473,0.48135877755135337,0.4503710655667579,1,30.0
Miftah,Miftah_Jalan31,Jalan31,5,5,1.6493309999932535,0.4123327499983134,0.027664665914891234,181.8919307290211,1.4538547955407592,0.8814815192018498,0.3634636988851898,1,31.0
Miftah,Miftah_Jalan32,Jalan32,6,6,3.0249710000061896,0.6049942000012379,0.736767304776636,119.00940537917997,2.581131962312433,0.8532749445555516,0.5162263924624866,1,32.0
Miftah,Miftah_Jalan33,Jalan33,6,6,4.080608999996912,0.8161217999993824,0.6967136829048596,88.22212566807367,3.477449014972433,0.8521887333422695,0.6954898029944866,1,33.0
Miftah,Miftah_Jalan34,Jalan34,7,7,2.305676999996649,0.3842794999994415,0.14623156013460173,182.1590795244132,1.7116341433798132,0.7423564286681529,0.28527235722996885,1,34.0
Miftah,Miftah_Jalan35,Jalan35,7,6,1.543320999990101,0.3086641999980202,0.0488612920878152,233.26320318476135,1.646375024681762,1.066774199724051,0.32927500493635237,1,35.0
Miftah,Miftah_Jalan36,Jalan36,8,8,3.696479999998701,0.5280685714283858,0.6216928137648521,129.85326580968075,0.8609283934341793,0.23290492399106227,0.12298977049059703,1,36.0
Miftah,Miftah_Jalan37,Jalan37,11,10,4.289334000000963,0.4765926666667737,0.4471587015983351,139.8818557845729,2.771520235241724,0.646142323083514,0.307946692804636,1,37.0
Miftah,Miftah_Jalan38,Jalan38,6,4,0.822572000004584,0.27419066666819464,0.004886111987711338,291.76777230280453,0.9340670867857555,1.1355444712202094,0.31135569559525184,0,38.0
Miftah,Miftah_Jalan39,Jalan39,8,6,1.655905999999959,0.3311811999999918,0.03682124299770857,217.4036448928918,1.2005792893920244,0.7250286486020668,0.2401158578784049,1,39.0
Miftah,Miftah_Jalan40,Jalan40,7,7,1.714059999998426,0.28567666666640434,0.024390694902107896,245.03226258146486,1.1321143656754595,0.6604870107677089,0.1886857276125766,1,40.0
Miftah,Miftah_Jalan41,Jalan41,4,4,0.9407320000027539,0.3135773333342513,0.05986842064265651,255.1204806462387,1.0131217084226052,1.0769504050246397,0.3377072361408684,0,41.0
Miftah,Miftah_Jalan42,Jalan42,7,6,1.3915799999958836,0.2783159999991767,0.00419724761246339,258.6987453118505,0.6199161781995708,0.4454764930520736,0.12398323563991416,0,42.0
Miftah,Miftah_Jalan43,Jalan43,11,11,9.525732000009157,0.9525732000009157,1.090803203218966,69.28601392516245,3.123809928680537,0.32793384578503093,0.3123809928680537,1,43.0
Miftah,Miftah_Jalan44,Jalan44,11,11,8.922561000013957,0.8922561000013957,0.8452184743383201,73.9697940982379,1.5060358979112496,0.168789644353106,0.15060358979112495,0,44.0
Miftah,Miftah_Jalan45,Jalan45,19,19,13.80948399999761,0.7671935555554228,1.123482085052596,82.55196211532576,1.9788163859957717,0.1432940134472884,0.10993424366643176,0,45.0
Miftah,Miftah_Jalan46,Jalan46,13,9,4.9511920000077225,0.6188990000009653,0.9484564305422506,109.06464544278585,1.773560385486475,0.3582087678045426,0.22169504818580937,1,46.0
Miftah,Miftah_Jalan47,Jalan47,12,11,5.386488000003737,0.5386488000003737,0.7242983629234209,122.52881654977085,1.6818353385992086,0.3122322631365821,0.16818353385992085,1,47.0
Miftah,Miftah_Jalan48,Jalan48,12,11,7.5362460000033025,0.7536246000003303,1.1898265401285166,87.57675903887835,2.468368593680597,0.3275329114362131,0.2468368593680597,1,48.0
Miftah,Miftah_Jalan49,Jalan49,13,12,5.892802000002121,0.5357092727274655,0.7553026204690798,122.18296151809291,1.3430393834833085,0.2279118462630893,0.1220944894075735,1,49.0
Miftah,Miftah_Jalan50,Jalan50,8,7,3.8458230000105686,0.6409705000017615,0.8773765070062796,109.20939419178829,1.5108965652028756,0.39286690136252334,0.2518160942004793,1,50.0
Miftah,Miftah_Jalan51,Jalan51,17,15,6.21686800000316,0.4440620000002257,0.5830025969990085,144.76742951588204,4.4686563638512204,0.7187954390939214,0.3191897402750872,1,51.0
Miftah,Miftah_Jalan52,Jalan52,6,4,0.8204609999957029,0.2734869999985676,0.009477041045500461,292.51847437142897,0.4975886715547521,0.6064744961154256,0.1658628905182507,0,52.0
Miftah,Miftah_Jalan53,Jalan53,10,6,1.5374049999954877,0.30748099999909756,0.07632318742318012,234.16080993691097,0.8533420536147345,0.555053517854592,0.1706684107229469,1,53.0
Miftah,Miftah_Jalan54,Jalan54,11,11,7.098159000001033,0.7098159000001033,1.0110582739381935,92.98185628131237,0.23130827315845023,0.032587079714390246,0.023130827315845023,0,54.0
Miftah,Miftah_Jalan55,Jalan55,16,16,8.688066000002436,0.5792044000001624,0.6471994317060277,110.49639816269016,0.539328862198495,0.0620769757272037,0.035955257479899666,0,55.0
Miftah,Miftah_Jalan56,Jalan56,10,9,4.734344999989844,0.5917931249987305,0.8488166413361492,114.0601286980899,1.6686458264873218,0.35245547726050835,0.20858072831091523,1,56.0
Miftah,Miftah_Jalan57,Jalan57,18,16,6.819487000000663,0.45463246666671087,0.6398901432910611,140.77305228383113,2.2459528630862673,0.3293433748148576,0.14973019087241782,1,57.0
Miftah,Miftah_Jalan58,Jalan58,11,10,6.933681000009528,0.7704090000010587,0.975024294691074,86.53412235134202,0.9620127094931424,0.13874487584470938,0.10689030105479361,0,58.0
Miftah,Miftah_Jalan59,Jalan59,8,7,4.024933000007877,0.6708221666679796,0.9101378015167513,104.34956308569062,1.617398727433008,0.4018448822452057,0.269566454572168,1,59.0
Miftah,Miftah_Jalan60,Jalan60,12,10,6.16296999999031,0.6847744444433678,1.1283014736826293,97.35565806761082,1.5336366165746422,0.24884700340534738,0.1704040685082936,1,60.0
Miftah,Miftah_Jalan61,Jalan61,9,8,4.457219999996596,0.636745714285228,0.6179080956792513,107.69044381932383,1.4009567097021054,0.3143117704989153,0.2001366728145865,1,61.0
Miftah,Miftah_Jalan62,Jalan62,6,4,0.8772570000000997,0.29241900000003324,0.026006018283393995,273.5800341290782,0.614935117621029,0.7009748769413743,0.204978372540343,0,62.0
Miftah,Miftah_Jalan63,Jalan63,14,9,4.392347000000882,0.5490433750001102,0.7798124150325656,122.9411064289528,1.4434011439680077,0.3286172845560057,0.18042514299600096,1,63.0
Miftah,Miftah_Jalan64,Jalan64,7,5,1.0990420000016456,0.2747605000004114,0.006952174554809543,272.9650004272364,0.6248595992568107,0.5685493359269937,0.15621489981420267,0,64.0
Miftah,Miftah_Jalan65,Jalan65,7,6,2.361710999990464,0.47234219999809285,0.45179527132750474,152.4318597836287,1.538795532996618,0.6515596247817075,0.3077591065993236,1,65.0
Miftah,Miftah_Jalan66,Jalan66,6,5,1.1516950000077486,0.28792375000193715,0.026669864419278,260.4856320449265,0.4559202098292424,0.39586888006475235,0.1139800524573106,0,66.0
Miftah,Miftah_Jalan67,Jalan67,27,26,16.940505000005942,0.6776202000002377,0.7672396052674867,92.0869832392513,3.3774853370678684,0.19937335617011911,0.13509941348271473,0,67.0
Miftah,Miftah_Jalan68,Jalan68,16,14,9.624610999992,0.740354692307077,0.690095183984559,87.27625459363482,2.2655429450250013,0.2353905986462086,0.1742725342326924,1,68.0
Miftah,Miftah_Jalan69,Jalan69,25,24,16.772005999999237,0.7292176521738799,0.7928672433605942,85.85735063534234,3.1113270178789665,0.18550714910781144,0.13527508773386812,0,69.0
Miftah,Miftah_Jalan70,Jalan70,16,14,11.837631000002148,0.9105870000001652,0.9065823076711226,70.96014396798208,1.2007216194875259,0.10143259402893265,0.09236320149904045,0,70.0
Miftah,Miftah_Jalan71,Jalan71,14,13,10.520845999999437,0.8767371666666198,0.8282406236909948,74.13852460154266,1.0092377685684404,0.0959274347869453,0.08410314738070336,0,71.0
Miftah,Miftah_Jalan72,Jalan72,26,18,9.952757999999449,0.5854563529411441,0.7053839801292462,108.51263539212546,2.0681949248809866,0.20780118685505075,0.12165852499299921,1,72.0
